PERMNO;HdrCUSIP;Ticker;PERMCO;DlyCalDt;DlyRet
14542;02079K10;GOOG;45483;2-1-2020;0.0227
14542;02079K10;GOOG;45483;3-1-2020;-0.004907
14542;02079K10;GOOG;45483;6-1-2020;0.024657
14542;02079K10;GOOG;45483;7-1-2020;-0.000624
14542;02079K10;GOOG;45483;8-1-2020;0.00788
14542;02079K10;GOOG;45483;9-1-2020;0.011044
14542;02079K10;GOOG;45483;10-1-2020;0.006973
14542;02079K10;GOOG;45483;13-1-2020;0.006645
14542;02079K10;GOOG;45483;14-1-2020;-0.005802
14542;02079K10;GOOG;45483;15-1-2020;0.005815
14542;02079K10;GOOG;45483;16-1-2020;0.008685
14542;02079K10;GOOG;45483;17-1-2020;0.019763
14542;02079K10;GOOG;45483;21-1-2020;0.002709
14542;02079K10;GOOG;45483;22-1-2020;0.001044
14542;02079K10;GOOG;45483;23-1-2020;0.000471
14542;02079K10;GOOG;45483;24-1-2020;-0.013413
14542;02079K10;GOOG;45483;27-1-2020;-0.02237
14542;02079K10;GOOG;45483;28-1-2020;0.013013
14542;02079K10;GOOG;45483;29-1-2020;0.004179
14542;02079K10;GOOG;45483;30-1-2020;-0.001913
14542;02079K10;GOOG;45483;31-1-2020;-0.014844
14542;02079K10;GOOG;45483;3-2-2020;0.036054
14542;02079K10;GOOG;45483;4-2-2020;-0.026159
14542;02079K10;GOOG;45483;5-2-2020;0.000802
14542;02079K10;GOOG;45483;6-2-2020;0.019334
14542;02079K10;GOOG;45483;7-2-2020;0.002032
14542;02079K10;GOOG;45483;10-2-2020;0.019909
14542;02079K10;GOOG;45483;11-2-2020;0.000073
14542;02079K10;GOOG;45483;12-2-2020;0.006283
14542;02079K10;GOOG;45483;13-2-2020;-0.002378
14542;02079K10;GOOG;45483;14-2-2020;0.004014
14542;02079K10;GOOG;45483;18-2-2020;-0.000704
14542;02079K10;GOOG;45483;19-2-2020;0.004619
14542;02079K10;GOOG;45483;20-2-2020;-0.005594
14542;02079K10;GOOG;45483;21-2-2020;-0.021763
14542;02079K10;GOOG;45483;24-2-2020;-0.042771
14542;02079K10;GOOG;45483;25-2-2020;-0.023312
14542;02079K10;GOOG;45483;26-2-2020;0.003407
14542;02079K10;GOOG;45483;27-2-2020;-0.053898
14542;02079K10;GOOG;45483;28-2-2020;0.016114
14542;02079K10;GOOG;45483;2-3-2020;0.037168
14542;02079K10;GOOG;45483;3-3-2020;-0.034353
14542;02079K10;GOOG;45483;4-3-2020;0.033644
14542;02079K10;GOOG;45483;5-3-2020;-0.048669
14542;02079K10;GOOG;45483;6-3-2020;-0.01564
14542;02079K10;GOOG;45483;9-3-2020;-0.063809
14542;02079K10;GOOG;45483;10-3-2020;0.053333
14542;02079K10;GOOG;45483;11-3-2020;-0.05075
14542;02079K10;GOOG;45483;12-3-2020;-0.082688
14542;02079K10;GOOG;45483;13-3-2020;0.094017
14542;02079K10;GOOG;45483;16-3-2020;-0.111008
14542;02079K10;GOOG;45483;17-3-2020;0.032711
14542;02079K10;GOOG;45483;18-3-2020;-0.020539
14542;02079K10;GOOG;45483;19-3-2020;0.016858
14542;02079K10;GOOG;45483;20-3-2020;-0.038528
14542;02079K10;GOOG;45483;23-3-2020;-0.014641
14542;02079K10;GOOG;45483;24-3-2020;0.073669
14542;02079K10;GOOG;45483;25-3-2020;-0.028181
14542;02079K10;GOOG;45483;26-3-2020;0.053751
14542;02079K10;GOOG;45483;27-3-2020;-0.043934
14542;02079K10;GOOG;45483;30-3-2020;0.032511
14542;02079K10;GOOG;45483;31-3-2020;0.013943
14542;02079K10;GOOG;45483;1-4-2020;-0.049183
14542;02079K10;GOOG;45483;2-4-2020;0.013766
14542;02079K10;GOOG;45483;3-4-2020;-0.020485
14542;02079K10;GOOG;45483;6-4-2020;0.081102
14542;02079K10;GOOG;45483;7-4-2020;-0.000345
14542;02079K10;GOOG;45483;8-4-2020;0.020034
14542;02079K10;GOOG;45483;9-4-2020;0.000967
14542;02079K10;GOOG;45483;13-4-2020;0.005044
14542;02079K10;GOOG;45483;14-4-2020;0.042437
14542;02079K10;GOOG;45483;15-4-2020;-0.005326
14542;02079K10;GOOG;45483;16-4-2020;0.000792
14542;02079K10;GOOG;45483;17-4-2020;0.015655
14542;02079K10;GOOG;45483;20-4-2020;-0.012967
14542;02079K10;GOOG;45483;21-4-2020;-0.039689
14542;02079K10;GOOG;45483;22-4-2020;0.038534
14542;02079K10;GOOG;45483;23-4-2020;0.01037
14542;02079K10;GOOG;45483;24-4-2020;0.002351
14542;02079K10;GOOG;45483;27-4-2020;-0.002681
14542;02079K10;GOOG;45483;28-4-2020;-0.033083
14542;02079K10;GOOG;45483;29-4-2020;0.08739
14542;02079K10;GOOG;45483;30-4-2020;0.005352
14542;02079K10;GOOG;45483;1-5-2020;-0.020798
14542;02079K10;GOOG;45483;4-5-2020;0.004687
14542;02079K10;GOOG;45483;5-5-2020;0.018322
14542;02079K10;GOOG;45483;6-5-2020;-0.00282
14542;02079K10;GOOG;45483;7-5-2020;0.018749
14542;02079K10;GOOG;45483;8-5-2020;0.011519
14542;02079K10;GOOG;45483;11-5-2020;0.010725
14542;02079K10;GOOG;45483;12-5-2020;-0.019611
14542;02079K10;GOOG;45483;13-5-2020;-0.019197
14542;02079K10;GOOG;45483;14-5-2020;0.00504
14542;02079K10;GOOG;45483;15-5-2020;0.01258
14542;02079K10;GOOG;45483;18-5-2020;0.007828
14542;02079K10;GOOG;45483;19-5-2020;-0.007555
14542;02079K10;GOOG;45483;20-5-2020;0.024198
14542;02079K10;GOOG;45483;21-5-2020;-0.002787
14542;02079K10;GOOG;45483;22-5-2020;0.005432
14542;02079K10;GOOG;45483;26-5-2020;0.004679
14542;02079K10;GOOG;45483;27-5-2020;0.000579
14542;02079K10;GOOG;45483;28-5-2020;-0.000783
14542;02079K10;GOOG;45483;29-5-2020;0.008604
14542;02079K10;GOOG;45483;1-6-2020;0.00203
14542;02079K10;GOOG;45483;2-6-2020;0.005168
14542;02079K10;GOOG;45483;3-6-2020;-0.001973
14542;02079K10;GOOG;45483;4-6-2020;-0.016848
14542;02079K10;GOOG;45483;5-6-2020;0.01856
14542;02079K10;GOOG;45483;8-6-2020;0.005715
14542;02079K10;GOOG;45483;9-6-2020;0.006602
14542;02079K10;GOOG;45483;10-6-2020;0.006654
14542;02079K10;GOOG;45483;11-6-2020;-0.042303
14542;02079K10;GOOG;45483;12-6-2020;0.006653
14542;02079K10;GOOG;45483;15-6-2020;0.00472
14542;02079K10;GOOG;45483;16-6-2020;0.016107
14542;02079K10;GOOG;45483;17-6-2020;0.005822
14542;02079K10;GOOG;45483;18-6-2020;-0.010447
14542;02079K10;GOOG;45483;19-6-2020;-0.002953
14542;02079K10;GOOG;45483;22-6-2020;0.014067
14542;02079K10;GOOG;45483;23-6-2020;0.008644
14542;02079K10;GOOG;45483;24-6-2020;-0.022152
14542;02079K10;GOOG;45483;25-6-2020;0.006536
14542;02079K10;GOOG;45483;26-6-2020;-0.056496
14542;02079K10;GOOG;45483;29-6-2020;0.025789
14542;02079K10;GOOG;45483;30-6-2020;0.013362
14542;02079K10;GOOG;45483;1-7-2020;0.017282
14542;02079K10;GOOG;45483;2-7-2020;0.018539
14542;02079K10;GOOG;45483;6-7-2020;0.021165
14542;02079K10;GOOG;45483;7-7-2020;-0.007033
14542;02079K10;GOOG;45483;8-7-2020;0.007285
14542;02079K10;GOOG;45483;9-7-2020;0.01002
14542;02079K10;GOOG;45483;10-7-2020;0.020351
14542;02079K10;GOOG;45483;13-7-2020;-0.019718
14542;02079K10;GOOG;45483;14-7-2020;0.006114
14542;02079K10;GOOG;45483;15-7-2020;-0.004564
14542;02079K10;GOOG;45483;16-7-2020;0.00288
14542;02079K10;GOOG;45483;17-7-2020;-0.001614
14542;02079K10;GOOG;45483;20-7-2020;0.033103
14542;02079K10;GOOG;45483;21-7-2020;-0.004662
14542;02079K10;GOOG;45483;22-7-2020;0.006462
14542;02079K10;GOOG;45483;23-7-2020;-0.033669
14542;02079K10;GOOG;45483;24-7-2020;-0.002514
14542;02079K10;GOOG;45483;27-7-2020;0.012124
14542;02079K10;GOOG;45483;28-7-2020;-0.019514
14542;02079K10;GOOG;45483;29-7-2020;0.01445
14542;02079K10;GOOG;45483;30-7-2020;0.006196
14542;02079K10;GOOG;45483;31-7-2020;-0.031663
14542;02079K10;GOOG;45483;3-8-2020;-0.005739
14542;02079K10;GOOG;45483;4-8-2020;-0.00643
14542;02079K10;GOOG;45483;5-8-2020;0.005898
14542;02079K10;GOOG;45483;6-8-2020;0.017976
14542;02079K10;GOOG;45483;7-8-2020;-0.00374
14542;02079K10;GOOG;45483;10-8-2020;0.001077
14542;02079K10;GOOG;45483;11-8-2020;-0.010547
14542;02079K10;GOOG;45483;12-8-2020;0.017766
14542;02079K10;GOOG;45483;13-8-2020;0.007852
14542;02079K10;GOOG;45483;14-8-2020;-0.00706
14542;02079K10;GOOG;45483;17-8-2020;0.006798
14542;02079K10;GOOG;45483;18-8-2020;0.026759
14542;02079K10;GOOG;45483;19-8-2020;-0.007103
14542;02079K10;GOOG;45483;20-8-2020;0.022113
14542;02079K10;GOOG;45483;21-8-2020;-0.000841
14542;02079K10;GOOG;45483;24-8-2020;0.004923
14542;02079K10;GOOG;45483;25-8-2020;0.012605
14542;02079K10;GOOG;45483;26-8-2020;0.027459
14542;02079K10;GOOG;45483;27-8-2020;-0.010924
14542;02079K10;GOOG;45483;28-8-2020;0.006168
14542;02079K10;GOOG;45483;31-8-2020;-0.006221
14542;02079K10;GOOG;45483;1-9-2020;0.016234
14542;02079K10;GOOG;45483;2-9-2020;0.040687
14542;02079K10;GOOG;45483;3-9-2020;-0.050015
14542;02079K10;GOOG;45483;4-9-2020;-0.030941
14542;02079K10;GOOG;45483;8-9-2020;-0.036863
14542;02079K10;GOOG;45483;9-9-2020;0.016034
14542;02079K10;GOOG;45483;10-9-2020;-0.016018
14542;02079K10;GOOG;45483;11-9-2020;-0.007376
14542;02079K10;GOOG;45483;14-9-2020;-0.000947
14542;02079K10;GOOG;45483;15-9-2020;0.014586
14542;02079K10;GOOG;45483;16-9-2020;-0.013325
14542;02079K10;GOOG;45483;17-9-2020;-0.016681
14542;02079K10;GOOG;45483;18-9-2020;-0.023764
14542;02079K10;GOOG;45483;21-9-2020;-0.019747
14542;02079K10;GOOG;45483;22-9-2020;0.023967
14542;02079K10;GOOG;45483;23-9-2020;-0.03429
14542;02079K10;GOOG;45483;24-9-2020;0.009242
14542;02079K10;GOOG;45483;25-9-2020;0.011671
14542;02079K10;GOOG;45483;28-9-2020;0.013537
14542;02079K10;GOOG;45483;29-9-2020;0.003284
14542;02079K10;GOOG;45483;30-9-2020;0.000184
14542;02079K10;GOOG;45483;1-10-2020;0.013943
14542;02079K10;GOOG;45483;2-10-2020;-0.021254
14542;02079K10;GOOG;45483;5-10-2020;0.018925
14542;02079K10;GOOG;45483;6-10-2020;-0.021924
14542;02079K10;GOOG;45483;7-10-2020;0.004713
14542;02079K10;GOOG;45483;8-10-2020;0.017558
14542;02079K10;GOOG;45483;9-10-2020;0.019712
14542;02079K10;GOOG;45483;12-10-2020;0.035592
14542;02079K10;GOOG;45483;13-10-2020;0.001612
14542;02079K10;GOOG;45483;14-10-2020;-0.002291
14542;02079K10;GOOG;45483;15-10-2020;-0.005708
14542;02079K10;GOOG;45483;16-10-2020;0.008902
14542;02079K10;GOOG;45483;19-10-2020;-0.024412
14542;02079K10;GOOG;45483;20-10-2020;0.013893
14542;02079K10;GOOG;45483;21-10-2020;0.024024
14542;02079K10;GOOG;45483;22-10-2020;0.01382
14542;02079K10;GOOG;45483;23-10-2020;0.015891
14542;02079K10;GOOG;45483;26-10-2020;-0.030804
14542;02079K10;GOOG;45483;27-10-2020;0.008683
14542;02079K10;GOOG;45483;28-10-2020;-0.05463
14542;02079K10;GOOG;45483;29-10-2020;0.033377
14542;02079K10;GOOG;45483;30-10-2020;0.034309
14542;02079K10;GOOG;45483;2-11-2020;0.003097
14542;02079K10;GOOG;45483;3-11-2020;0.014871
14542;02079K10;GOOG;45483;4-11-2020;0.059944
14542;02079K10;GOOG;45483;5-11-2020;0.008141
14542;02079K10;GOOG;45483;6-11-2020;-0.000919
14542;02079K10;GOOG;45483;9-11-2020;0.00071
14542;02079K10;GOOG;45483;10-11-2020;-0.012825
14542;02079K10;GOOG;45483;11-11-2020;0.007079
14542;02079K10;GOOG;45483;12-11-2020;-0.001637
14542;02079K10;GOOG;45483;13-11-2020;0.015533
14542;02079K10;GOOG;45483;16-11-2020;0.002454
14542;02079K10;GOOG;45483;17-11-2020;-0.006304
14542;02079K10;GOOG;45483;18-11-2020;-0.013202
14542;02079K10;GOOG;45483;19-11-2020;0.009812
14542;02079K10;GOOG;45483;20-11-2020;-0.012319
14542;02079K10;GOOG;45483;23-11-2020;-0.004207
14542;02079K10;GOOG;45483;24-11-2020;0.01961
14542;02079K10;GOOG;45483;25-11-2020;0.001442
14542;02079K10;GOOG;45483;27-11-2020;0.012284
14542;02079K10;GOOG;45483;30-11-2020;-0.018096
14542;02079K10;GOOG;45483;1-12-2020;0.021218
14542;02079K10;GOOG;45483;2-12-2020;0.016601
14542;02079K10;GOOG;45483;3-12-2020;-0.000646
14542;02079K10;GOOG;45483;4-12-2020;0.000668
14542;02079K10;GOOG;45483;7-12-2020;-0.004655
14542;02079K10;GOOG;45483;8-12-2020;-0.000511
14542;02079K10;GOOG;45483;9-12-2020;-0.018927
14542;02079K10;GOOG;45483;10-12-2020;-0.004932
14542;02079K10;GOOG;45483;11-12-2020;0.003627
14542;02079K10;GOOG;45483;14-12-2020;-0.012185
14542;02079K10;GOOG;45483;15-12-2020;0.004381
14542;02079K10;GOOG;45483;16-12-2020;-0.002698
14542;02079K10;GOOG;45483;17-12-2020;-0.008565
14542;02079K10;GOOG;45483;18-12-2020;-0.009663
14542;02079K10;GOOG;45483;21-12-2020;0.00483
14542;02079K10;GOOG;45483;22-12-2020;-0.009124
14542;02079K10;GOOG;45483;23-12-2020;0.005152
14542;02079K10;GOOG;45483;24-12-2020;0.003735
14542;02079K10;GOOG;45483;28-12-2020;0.021416
14542;02079K10;GOOG;45483;29-12-2020;-0.00978
14542;02079K10;GOOG;45483;30-12-2020;-0.010917
14542;02079K10;GOOG;45483;31-12-2020;0.007105
14542;02079K10;GOOG;45483;4-1-2021;-0.013494
14542;02079K10;GOOG;45483;5-1-2021;0.007337
14542;02079K10;GOOG;45483;6-1-2021;-0.003234
14542;02079K10;GOOG;45483;7-1-2021;0.029943
14542;02079K10;GOOG;45483;8-1-2021;0.011168
14542;02079K10;GOOG;45483;11-1-2021;-0.022405
14542;02079K10;GOOG;45483;12-1-2021;-0.011417
14542;02079K10;GOOG;45483;13-1-2021;0.004495
14542;02079K10;GOOG;45483;14-1-2021;-0.008105
14542;02079K10;GOOG;45483;15-1-2021;-0.002293
14542;02079K10;GOOG;45483;19-1-2021;0.031488
14542;02079K10;GOOG;45483;20-1-2021;0.053628
14542;02079K10;GOOG;45483;21-1-2021;0.002305
14542;02079K10;GOOG;45483;22-1-2021;0.005182
14542;02079K10;GOOG;45483;25-1-2021;-0.000868
14542;02079K10;GOOG;45483;26-1-2021;0.009392
14542;02079K10;GOOG;45483;27-1-2021;-0.045091
14542;02079K10;GOOG;45483;28-1-2021;0.017654
14542;02079K10;GOOG;45483;29-1-2021;-0.01469
14542;02079K10;GOOG;45483;1-2-2021;0.03574
14542;02079K10;GOOG;45483;2-2-2021;0.013759
14542;02079K10;GOOG;45483;3-2-2021;0.073961
14542;02079K10;GOOG;45483;4-2-2021;-0.00372
14542;02079K10;GOOG;45483;5-2-2021;0.017276
14542;02079K10;GOOG;45483;8-2-2021;-0.002426
14542;02079K10;GOOG;45483;9-2-2021;-0.004491
14542;02079K10;GOOG;45483;10-2-2021;0.005697
14542;02079K10;GOOG;45483;11-2-2021;0.000243
14542;02079K10;GOOG;45483;12-2-2021;0.003922
14542;02079K10;GOOG;45483;16-2-2021;0.008455
14542;02079K10;GOOG;45483;17-2-2021;0.003021
14542;02079K10;GOOG;45483;18-2-2021;-0.00522
14542;02079K10;GOOG;45483;19-2-2021;-0.007585
14542;02079K10;GOOG;45483;22-2-2021;-0.017257
14542;02079K10;GOOG;45483;23-2-2021;0.002896
14542;02079K10;GOOG;45483;24-2-2021;0.011739
14542;02079K10;GOOG;45483;25-2-2021;-0.030456
14542;02079K10;GOOG;45483;26-2-2021;0.002708
14542;02079K10;GOOG;45483;1-3-2021;0.021921
14542;02079K10;GOOG;45483;2-3-2021;-0.002724
14542;02079K10;GOOG;45483;3-3-2021;-0.023668
14542;02079K10;GOOG;45483;4-3-2021;0.011043
14542;02079K10;GOOG;45483;5-3-2021;0.029013
14542;02079K10;GOOG;45483;8-3-2021;-0.040013
14542;02079K10;GOOG;45483;9-3-2021;0.014095
14542;02079K10;GOOG;45483;10-3-2021;0.001135
14542;02079K10;GOOG;45483;11-3-2021;0.02907
14542;02079K10;GOOG;45483;12-3-2021;-0.024991
14542;02079K10;GOOG;45483;15-3-2021;0.002216
14542;02079K10;GOOG;45483;16-3-2021;0.012596
14542;02079K10;GOOG;45483;17-3-2021;-0.000688
14542;02079K10;GOOG;45483;18-3-2021;-0.026235
14542;02079K10;GOOG;45483;19-3-2021;0.003428
14542;02079K10;GOOG;45483;22-3-2021;-0.002256
14542;02079K10;GOOG;45483;23-3-2021;0.007049
14542;02079K10;GOOG;45483;24-3-2021;-0.003848
14542;02079K10;GOOG;45483;25-3-2021;-0.000342
14542;02079K10;GOOG;45483;26-3-2021;-0.004309
14542;02079K10;GOOG;45483;29-3-2021;0.010022
14542;02079K10;GOOG;45483;30-3-2021;-0.000199
14542;02079K10;GOOG;45483;31-3-2021;0.006368
14542;02079K10;GOOG;45483;1-4-2021;0.033413
14542;02079K10;GOOG;45483;5-4-2021;0.041071
14542;02079K10;GOOG;45483;6-4-2021;-0.000359
14542;02079K10;GOOG;45483;7-4-2021;0.011206
14542;02079K10;GOOG;45483;8-4-2021;0.007005
14542;02079K10;GOOG;45483;9-4-2021;0.009023
14542;02079K10;GOOG;45483;12-4-2021;-0.013601
14542;02079K10;GOOG;45483;13-4-2021;0.005535
14542;02079K10;GOOG;45483;14-4-2021;-0.005482
14542;02079K10;GOOG;45483;15-4-2021;0.018547
14542;02079K10;GOOG;45483;16-4-2021;0.000479
14542;02079K10;GOOG;45483;19-4-2021;0.002019
14542;02079K10;GOOG;45483;20-4-2021;-0.003809
14542;02079K10;GOOG;45483;21-4-2021;-0.000148
14542;02079K10;GOOG;45483;22-4-2021;-0.011063
14542;02079K10;GOOG;45483;23-4-2021;0.020891
14542;02079K10;GOOG;45483;26-4-2021;0.004941
14542;02079K10;GOOG;45483;27-4-2021;-0.008432
14542;02079K10;GOOG;45483;28-4-2021;0.03155
14542;02079K10;GOOG;45483;29-4-2021;0.021001
14542;02079K10;GOOG;45483;30-4-2021;-0.008136
14542;02079K10;GOOG;45483;3-5-2021;-0.006203
14542;02079K10;GOOG;45483;4-5-2021;-0.017084
14542;02079K10;GOOG;45483;5-5-2021;0.001058
14542;02079K10;GOOG;45483;6-5-2021;0.010442
14542;02079K10;GOOG;45483;7-5-2021;0.007282
14542;02079K10;GOOG;45483;10-5-2021;-0.023775
14542;02079K10;GOOG;45483;11-5-2021;-0.01405
14542;02079K10;GOOG;45483;12-5-2021;-0.030181
14542;02079K10;GOOG;45483;13-5-2021;0.010223
14542;02079K10;GOOG;45483;14-5-2021;0.023957
14542;02079K10;GOOG;45483;17-5-2021;0.002267
14542;02079K10;GOOG;45483;18-5-2021;-0.007745
14542;02079K10;GOOG;45483;19-5-2021;0.002292
14542;02079K10;GOOG;45483;20-5-2021;0.020522
14542;02079K10;GOOG;45483;21-5-2021;-0.004665
14542;02079K10;GOOG;45483;24-5-2021;0.026255
14542;02079K10;GOOG;45483;25-5-2021;0.000997
14542;02079K10;GOOG;45483;26-5-2021;0.010153
14542;02079K10;GOOG;45483;27-5-2021;-0.012747
14542;02079K10;GOOG;45483;28-5-2021;0.003767
14542;02079K10;GOOG;45483;1-6-2021;0.007568
14542;02079K10;GOOG;45483;2-6-2021;-0.003511
14542;02079K10;GOOG;45483;3-6-2021;-0.006885
14542;02079K10;GOOG;45483;4-6-2021;0.019608
14542;02079K10;GOOG;45483;7-6-2021;0.005845
14542;02079K10;GOOG;45483;8-6-2021;0.006796
14542;02079K10;GOOG;45483;9-6-2021;0.003444
14542;02079K10;GOOG;45483;10-6-2021;0.012122
14542;02079K10;GOOG;45483;11-6-2021;-0.003042
14542;02079K10;GOOG;45483;14-6-2021;0.005215
14542;02079K10;GOOG;45483;15-6-2021;-0.002525
14542;02079K10;GOOG;45483;16-6-2021;-0.00267
14542;02079K10;GOOG;45483;17-6-2021;0.005366
14542;02079K10;GOOG;45483;18-6-2021;-0.006358
14542;02079K10;GOOG;45483;21-6-2021;0.007068
14542;02079K10;GOOG;45483;22-6-2021;0.004306
14542;02079K10;GOOG;45483;23-6-2021;-0.004236
14542;02079K10;GOOG;45483;24-6-2021;0.006488
14542;02079K10;GOOG;45483;25-6-2021;-0.002255
14542;02079K10;GOOG;45483;28-6-2021;-0.001382
14542;02079K10;GOOG;45483;29-6-2021;-0.006316
14542;02079K10;GOOG;45483;30-6-2021;-0.005575
14542;02079K10;GOOG;45483;1-7-2021;0.008399
14542;02079K10;GOOG;45483;2-7-2021;0.0186
14542;02079K10;GOOG;45483;6-7-2021;0.008173
14542;02079K10;GOOG;45483;7-7-2021;0.002362
14542;02079K10;GOOG;45483;8-7-2021;-0.006923
14542;02079K10;GOOG;45483;9-7-2021;0.003077
14542;02079K10;GOOG;45483;12-7-2021;0.007637
14542;02079K10;GOOG;45483;13-7-2021;0.003297
14542;02079K10;GOOG;45483;14-7-2021;0.008306
14542;02079K10;GOOG;45483;15-7-2021;-0.006178
14542;02079K10;GOOG;45483;16-7-2021;0.004411
14542;02079K10;GOOG;45483;19-7-2021;-0.019656
14542;02079K10;GOOG;45483;20-7-2021;0.014294
14542;02079K10;GOOG;45483;21-7-2021;0.011434
14542;02079K10;GOOG;45483;22-7-2021;0.00549
14542;02079K10;GOOG;45483;23-7-2021;0.033657
14542;02079K10;GOOG;45483;26-7-2021;0.013268
14542;02079K10;GOOG;45483;27-7-2021;-0.020395
14542;02079K10;GOOG;45483;28-7-2021;-0.003034
14542;02079K10;GOOG;45483;29-7-2021;0.001166
14542;02079K10;GOOG;45483;30-7-2021;-0.009664
14542;02079K10;GOOG;45483;2-8-2021;0.005683
14542;02079K10;GOOG;45483;3-8-2021;0.002136
14542;02079K10;GOOG;45483;4-8-2021;-0.001845
14542;02079K10;GOOG;45483;5-8-2021;0.006701
14542;02079K10;GOOG;45483;6-8-2021;0.000701
14542;02079K10;GOOG;45483;9-8-2021;0.007049
14542;02079K10;GOOG;45483;10-8-2021;0.000685
14542;02079K10;GOOG;45483;11-8-2021;-0.002947
14542;02079K10;GOOG;45483;12-8-2021;0.005084
14542;02079K10;GOOG;45483;13-8-2021;0.000119
14542;02079K10;GOOG;45483;16-8-2021;0.003685
14542;02079K10;GOOG;45483;17-8-2021;-0.011629
14542;02079K10;GOOG;45483;18-8-2021;-0.00532
14542;02079K10;GOOG;45483;19-8-2021;0.002515
14542;02079K10;GOOG;45483;20-8-2021;0.011127
14542;02079K10;GOOG;45483;23-8-2021;0.019233
14542;02079K10;GOOG;45483;24-8-2021;0.009206
14542;02079K10;GOOG;45483;25-8-2021;0.003873
14542;02079K10;GOOG;45483;26-8-2021;-0.005785
14542;02079K10;GOOG;45483;27-8-2021;0.01708
14542;02079K10;GOOG;45483;30-8-2021;0.006358
14542;02079K10;GOOG;45483;31-8-2021;-0.000052
14542;02079K10;GOOG;45483;1-9-2021;0.002612
14542;02079K10;GOOG;45483;2-9-2021;-0.011128
14542;02079K10;GOOG;45483;3-9-2021;0.003855
14542;02079K10;GOOG;45483;7-9-2021;0.005139
14542;02079K10;GOOG;45483;8-9-2021;-0.004367
14542;02079K10;GOOG;45483;9-9-2021;0.000207
14542;02079K10;GOOG;45483;10-9-2021;-0.02065
14542;02079K10;GOOG;45483;13-9-2021;0.010879
14542;02079K10;GOOG;45483;14-9-2021;-0.000411
14542;02079K10;GOOG;45483;15-9-2021;0.012552
14542;02079K10;GOOG;45483;16-9-2021;-0.005733
14542;02079K10;GOOG;45483;17-9-2021;-0.020156
14542;02079K10;GOOG;45483;20-9-2021;-0.017294
14542;02079K10;GOOG;45483;21-9-2021;0.004528
14542;02079K10;GOOG;45483;22-9-2021;0.009252
14542;02079K10;GOOG;45483;23-9-2021;0.006301
14542;02079K10;GOOG;45483;24-9-2021;0.005687
14542;02079K10;GOOG;45483;27-9-2021;-0.007936
14542;02079K10;GOOG;45483;28-9-2021;-0.037576
14542;02079K10;GOOG;45483;29-9-2021;-0.012211
14542;02079K10;GOOG;45483;30-9-2021;-0.009333
14542;02079K10;GOOG;45483;1-10-2021;0.02399
14542;02079K10;GOOG;45483;4-10-2021;-0.019767
14542;02079K10;GOOG;45483;5-10-2021;0.018032
14542;02079K10;GOOG;45483;6-10-2021;0.008643
14542;02079K10;GOOG;45483;7-10-2021;0.013334
14542;02079K10;GOOG;45483;8-10-2021;0.006254
14542;02079K10;GOOG;45483;11-10-2021;-0.008629
14542;02079K10;GOOG;45483;12-10-2021;-0.015373
14542;02079K10;GOOG;45483;13-10-2021;0.008682
14542;02079K10;GOOG;45483;14-10-2021;0.025468
14542;02079K10;GOOG;45483;15-10-2021;0.00186
14542;02079K10;GOOG;45483;18-10-2021;0.009074
14542;02079K10;GOOG;45483;19-10-2021;0.006026
14542;02079K10;GOOG;45483;20-10-2021;-0.009783
14542;02079K10;GOOG;45483;21-10-2021;0.002566
14542;02079K10;GOOG;45483;22-10-2021;-0.029104
14542;02079K10;GOOG;45483;25-10-2021;0.001068
14542;02079K10;GOOG;45483;26-10-2021;0.006478
14542;02079K10;GOOG;45483;27-10-2021;0.048367
14542;02079K10;GOOG;45483;28-10-2021;-0.002039
14542;02079K10;GOOG;45483;29-10-2021;0.014655
14542;02079K10;GOOG;45483;1-11-2021;-0.030326
14542;02079K10;GOOG;45483;2-11-2021;0.01453
14542;02079K10;GOOG;45483;3-11-2021;0.006355
14542;02079K10;GOOG;45483;4-11-2021;0.012896
14542;02079K10;GOOG;45483;5-11-2021;0.003753
14542;02079K10;GOOG;45483;8-11-2021;0.00074
14542;02079K10;GOOG;45483;9-11-2021;-0.00069
14542;02079K10;GOOG;45483;10-11-2021;-0.017571
14542;02079K10;GOOG;45483;11-11-2021;0.000832
14542;02079K10;GOOG;45483;12-11-2021;0.019745
14542;02079K10;GOOG;45483;15-11-2021;-0.001721
14542;02079K10;GOOG;45483;16-11-2021;-0.002089
14542;02079K10;GOOG;45483;17-11-2021;-0.000094
14542;02079K10;GOOG;45483;18-11-2021;0.011049
14542;02079K10;GOOG;45483;19-11-2021;-0.00502
14542;02079K10;GOOG;45483;22-11-2021;-0.019166
14542;02079K10;GOOG;45483;23-11-2021;-0.002186
14542;02079K10;GOOG;45483;24-11-2021;-0.000269
14542;02079K10;GOOG;45483;26-11-2021;-0.02666
14542;02079K10;GOOG;45483;29-11-2021;0.023164
14542;02079K10;GOOG;45483;30-11-2021;-0.025063
14542;02079K10;GOOG;45483;1-12-2021;-0.005855
14542;02079K10;GOOG;45483;2-12-2021;0.015242
14542;02079K10;GOOG;45483;3-12-2021;-0.008736
14542;02079K10;GOOG;45483;6-12-2021;0.008953
14542;02079K10;GOOG;45483;7-12-2021;0.029486
14542;02079K10;GOOG;45483;8-12-2021;0.00462
14542;02079K10;GOOG;45483;9-12-2021;-0.004132
14542;02079K10;GOOG;45483;10-12-2021;0.003842
14542;02079K10;GOOG;45483;13-12-2021;-0.013254
14542;02079K10;GOOG;45483;14-12-2021;-0.01182
14542;02079K10;GOOG;45483;15-12-2021;0.016541
14542;02079K10;GOOG;45483;16-12-2021;-0.017168
14542;02079K10;GOOG;45483;17-12-2021;-0.014054
14542;02079K10;GOOG;45483;20-12-2021;-0.002812
14542;02079K10;GOOG;45483;21-12-2021;0.012774
14542;02079K10;GOOG;45483;22-12-2021;0.018919
14542;02079K10;GOOG;45483;23-12-2021;0.001317
14542;02079K10;GOOG;45483;27-12-2021;0.006263
14542;02079K10;GOOG;45483;28-12-2021;-0.010914
14542;02079K10;GOOG;45483;29-12-2021;0.000386
14542;02079K10;GOOG;45483;30-12-2021;-0.003427
14542;02079K10;GOOG;45483;31-12-2021;-0.009061
14542;02079K10;GOOG;45483;3-1-2022;0.00273
14542;02079K10;GOOG;45483;4-1-2022;-0.004536
14542;02079K10;GOOG;45483;5-1-2022;-0.04683
14542;02079K10;GOOG;45483;6-1-2022;-0.000745
14542;02079K10;GOOG;45483;7-1-2022;-0.003973
14542;02079K10;GOOG;45483;10-1-2022;0.011456
14542;02079K10;GOOG;45483;11-1-2022;0.010417
14542;02079K10;GOOG;45483;12-1-2022;0.011645
14542;02079K10;GOOG;45483;13-1-2022;-0.017769
14542;02079K10;GOOG;45483;14-1-2022;0.004711
14542;02079K10;GOOG;45483;18-1-2022;-0.02501
14542;02079K10;GOOG;45483;19-1-2022;-0.004685
14542;02079K10;GOOG;45483;20-1-2022;-0.015816
14542;02079K10;GOOG;45483;21-1-2022;-0.025576
14542;02079K10;GOOG;45483;24-1-2022;0.002152
14542;02079K10;GOOG;45483;25-1-2022;-0.027893
14542;02079K10;GOOG;45483;26-1-2022;0.019762
14542;02079K10;GOOG;45483;27-1-2022;-0.000921
14542;02079K10;GOOG;45483;28-1-2022;0.032284
14542;02079K10;GOOG;45483;31-1-2022;0.018073
14542;02079K10;GOOG;45483;1-2-2022;0.016065
14542;02079K10;GOOG;45483;2-2-2022;0.073674
14542;02079K10;GOOG;45483;3-2-2022;-0.036383
14542;02079K10;GOOG;45483;4-2-2022;0.002562
14542;02079K10;GOOG;45483;7-2-2022;-0.028514
14542;02079K10;GOOG;45483;8-2-2022;0.001979
14542;02079K10;GOOG;45483;9-2-2022;0.01609
14542;02079K10;GOOG;45483;10-2-2022;-0.020152
14542;02079K10;GOOG;45483;11-2-2022;-0.032269
14542;02079K10;GOOG;45483;14-2-2022;0.008723
14542;02079K10;GOOG;45483;15-2-2022;0.008319
14542;02079K10;GOOG;45483;16-2-2022;0.007784
14542;02079K10;GOOG;45483;17-2-2022;-0.037669
14542;02079K10;GOOG;45483;18-2-2022;-0.013914
14542;02079K10;GOOG;45483;22-2-2022;-0.008163
14542;02079K10;GOOG;45483;23-2-2022;-0.014045
14542;02079K10;GOOG;45483;24-2-2022;0.039883
14542;02079K10;GOOG;45483;25-2-2022;0.013914
14542;02079K10;GOOG;45483;28-2-2022;0.002762
14542;02079K10;GOOG;45483;1-3-2022;-0.00536
14542;02079K10;GOOG;45483;2-3-2022;0.004349
14542;02079K10;GOOG;45483;3-3-2022;-0.003291
14542;02079K10;GOOG;45483;4-3-2022;-0.016276
14542;02079K10;GOOG;45483;7-3-2022;-0.04282
14542;02079K10;GOOG;45483;8-3-2022;0.006437
14542;02079K10;GOOG;45483;9-3-2022;0.051757
14542;02079K10;GOOG;45483;10-3-2022;-0.008845
14542;02079K10;GOOG;45483;11-3-2022;-0.01663
14542;02079K10;GOOG;45483;14-3-2022;-0.028622
14542;02079K10;GOOG;45483;15-3-2022;0.023035
14542;02079K10;GOOG;45483;16-3-2022;0.031081
14542;02079K10;GOOG;45483;17-3-2022;0.006807
14542;02079K10;GOOG;45483;18-3-2022;0.016352
14542;02079K10;GOOG;45483;21-3-2022;-0.002361
14542;02079K10;GOOG;45483;22-3-2022;0.027836
14542;02079K10;GOOG;45483;23-3-2022;-0.012646
14542;02079K10;GOOG;45483;24-3-2022;0.020277
14542;02079K10;GOOG;45483;25-3-2022;0.001483
14542;02079K10;GOOG;45483;28-3-2022;0.003028
14542;02079K10;GOOG;45483;29-3-2022;0.009158
14542;02079K10;GOOG;45483;30-3-2022;-0.004227
14542;02079K10;GOOG;45483;31-3-2022;-0.020996
14542;02079K10;GOOG;45483;1-4-2022;0.007522
14542;02079K10;GOOG;45483;4-4-2022;0.020913
14542;02079K10;GOOG;45483;5-4-2022;-0.017958
14542;02079K10;GOOG;45483;6-4-2022;-0.027555
14542;02079K10;GOOG;45483;7-4-2022;-0.005183
14542;02079K10;GOOG;45483;8-4-2022;-0.017986
14542;02079K10;GOOG;45483;11-4-2022;-0.031445
14542;02079K10;GOOG;45483;12-4-2022;-0.010956
14542;02079K10;GOOG;45483;13-4-2022;0.01489
14542;02079K10;GOOG;45483;14-4-2022;-0.02328
14542;02079K10;GOOG;45483;18-4-2022;0.005564
14542;02079K10;GOOG;45483;19-4-2022;0.020084
14542;02079K10;GOOG;45483;20-4-2022;-0.017509
14542;02079K10;GOOG;45483;21-4-2022;-0.025794
14542;02079K10;GOOG;45483;22-4-2022;-0.042609
14542;02079K10;GOOG;45483;25-4-2022;0.030398
14542;02079K10;GOOG;45483;26-4-2022;-0.030377
14542;02079K10;GOOG;45483;27-4-2022;-0.037534
14542;02079K10;GOOG;45483;28-4-2022;0.038176
14542;02079K10;GOOG;45483;29-4-2022;-0.037224
14542;02079K10;GOOG;45483;2-5-2022;0.019053
14542;02079K10;GOOG;45483;3-5-2022;0.008301
14542;02079K10;GOOG;45483;4-5-2022;0.037632
14542;02079K10;GOOG;45483;5-5-2022;-0.04755
14542;02079K10;GOOG;45483;6-5-2022;-0.009306
14542;02079K10;GOOG;45483;9-5-2022;-0.022272
14542;02079K10;GOOG;45483;10-5-2022;0.013269
14542;02079K10;GOOG;45483;11-5-2022;-0.005441
14542;02079K10;GOOG;45483;12-5-2022;-0.00702
14542;02079K10;GOOG;45483;13-5-2022;0.029644
14542;02079K10;GOOG;45483;16-5-2022;-0.014788
14542;02079K10;GOOG;45483;17-5-2022;0.01663
14542;02079K10;GOOG;45483;18-5-2022;-0.03685
14542;02079K10;GOOG;45483;19-5-2022;-0.014729
14542;02079K10;GOOG;45483;20-5-2022;-0.012935
14542;02079K10;GOOG;45483;23-5-2022;0.02153
14542;02079K10;GOOG;45483;24-5-2022;-0.051408
14542;02079K10;GOOG;45483;25-5-2022;-0.000817
14542;02079K10;GOOG;45483;26-5-2022;0.02321
14542;02079K10;GOOG;45483;27-5-2022;0.04158
14542;02079K10;GOOG;45483;31-5-2022;0.010993
14542;02079K10;GOOG;45483;1-6-2022;0.000859
14542;02079K10;GOOG;45483;2-6-2022;0.03162
14542;02079K10;GOOG;45483;3-6-2022;-0.027024
14542;02079K10;GOOG;45483;6-6-2022;0.021355
14542;02079K10;GOOG;45483;7-6-2022;0.001872
14542;02079K10;GOOG;45483;8-6-2022;0.000073
14542;02079K10;GOOG;45483;9-6-2022;-0.019789
14542;02079K10;GOOG;45483;10-6-2022;-0.030374
14542;02079K10;GOOG;45483;13-6-2022;-0.040843
14542;02079K10;GOOG;45483;14-6-2022;0.002971
14542;02079K10;GOOG;45483;15-6-2022;0.02982
14542;02079K10;GOOG;45483;16-6-2022;-0.034011
14542;02079K10;GOOG;45483;17-6-2022;0.01153
14542;02079K10;GOOG;45483;21-6-2022;0.038469
14542;02079K10;GOOG;45483;22-6-2022;0.00017
14542;02079K10;GOOG;45483;23-6-2022;0.005806
14542;02079K10;GOOG;45483;24-6-2022;0.051946
14542;02079K10;GOOG;45483;27-6-2022;-0.016159
14542;02079K10;GOOG;45483;28-6-2022;-0.034736
14542;02079K10;GOOG;45483;29-6-2022;-0.002798
14542;02079K10;GOOG;45483;30-6-2022;-0.025691
14542;02079K10;GOOG;45483;1-7-2022;-0.002665
14542;02079K10;GOOG;45483;5-7-2022;0.044059
14542;02079K10;GOOG;45483;6-7-2022;0.011648
14542;02079K10;GOOG;45483;7-7-2022;0.035521
14542;02079K10;GOOG;45483;8-7-2022;0.007229
14542;02079K10;GOOG;45483;11-7-2022;-0.030341
14542;02079K10;GOOG;45483;12-7-2022;-0.014358
14542;02079K10;GOOG;45483;13-7-2022;-0.023183
14542;02079K10;GOOG;45483;14-7-2022;-0.006659
14542;02079K10;GOOG;45483;15-7-2022;0.011908
14542;02079K10;GOOG;45483;18-7-2022;-0.025335
14542;02079K10;GOOG;45483;19-7-2022;0.042853
14542;02079K10;GOOG;45483;20-7-2022;0.000698
14542;02079K10;GOOG;45483;21-7-2022;0.002964
14542;02079K10;GOOG;45483;22-7-2022;-0.058067
14542;02079K10;GOOG;45483;25-7-2022;-0.001384
14542;02079K10;GOOG;45483;26-7-2022;-0.025598
14542;02079K10;GOOG;45483;27-7-2022;0.07739
14542;02079K10;GOOG;45483;28-7-2022;0.008715
14542;02079K10;GOOG;45483;29-7-2022;0.01789
14542;02079K10;GOOG;45483;1-8-2022;-0.009945
14542;02079K10;GOOG;45483;2-8-2022;0.003637
14542;02079K10;GOOG;45483;3-8-2022;0.024849
14542;02079K10;GOOG;45483;4-8-2022;0.000758
14542;02079K10;GOOG;45483;5-8-2022;-0.005468
14542;02079K10;GOOG;45483;8-8-2022;-0.000677
14542;02079K10;GOOG;45483;9-8-2022;-0.005417
14542;02079K10;GOOG;45483;10-8-2022;0.026809
14542;02079K10;GOOG;45483;11-8-2022;-0.006879
14542;02079K10;GOOG;45483;12-8-2022;0.023619
14542;02079K10;GOOG;45483;15-8-2022;0.001875
14542;02079K10;GOOG;45483;16-8-2022;-0.003011
14542;02079K10;GOOG;45483;17-8-2022;-0.017876
14542;02079K10;GOOG;45483;18-8-2022;0.004488
14542;02079K10;GOOG;45483;19-8-2022;-0.022671
14542;02079K10;GOOG;45483;22-8-2022;-0.025821
14542;02079K10;GOOG;45483;23-8-2022;-0.002607
14542;02079K10;GOOG;45483;24-8-2022;-0.00061
14542;02079K10;GOOG;45483;25-8-2022;0.026155
14542;02079K10;GOOG;45483;26-8-2022;-0.054376
14542;02079K10;GOOG;45483;29-8-2022;-0.008625
14542;02079K10;GOOG;45483;30-8-2022;-0.003897
14542;02079K10;GOOG;45483;31-8-2022;-0.006915
14542;02079K10;GOOG;45483;1-9-2022;0.012826
14542;02079K10;GOOG;45483;2-9-2022;-0.016915
14542;02079K10;GOOG;45483;6-9-2022;-0.011042
14542;02079K10;GOOG;45483;7-9-2022;0.027912
14542;02079K10;GOOG;45483;8-9-2022;-0.009594
14542;02079K10;GOOG;45483;9-9-2022;0.021568
14542;02079K10;GOOG;45483;12-9-2022;0.000805
14542;02079K10;GOOG;45483;13-9-2022;-0.058639
14542;02079K10;GOOG;45483;14-9-2022;0.005318
14542;02079K10;GOOG;45483;15-9-2022;-0.018608
14542;02079K10;GOOG;45483;16-9-2022;-0.002599
14542;02079K10;GOOG;45483;19-9-2022;0.002123
14542;02079K10;GOOG;45483;20-9-2022;-0.019451
14542;02079K10;GOOG;45483;21-9-2022;-0.017873
14542;02079K10;GOOG;45483;22-9-2022;0.005599
14542;02079K10;GOOG;45483;23-9-2022;-0.013921
14542;02079K10;GOOG;45483;26-9-2022;-0.00363
14542;02079K10;GOOG;45483;27-9-2022;-0.007287
14542;02079K10;GOOG;45483;28-9-2022;0.027016
14542;02079K10;GOOG;45483;29-9-2022;-0.026305
14542;02079K10;GOOG;45483;30-9-2022;-0.019778
14542;02079K10;GOOG;45483;3-10-2022;0.032761
14542;02079K10;GOOG;45483;4-10-2022;0.031319
14542;02079K10;GOOG;45483;5-10-2022;-0.001855
14542;02079K10;GOOG;45483;6-10-2022;0.000196
14542;02079K10;GOOG;45483;7-10-2022;-0.026115
14542;02079K10;GOOG;45483;10-10-2022;-0.008637
14542;02079K10;GOOG;45483;11-10-2022;-0.006686
14542;02079K10;GOOG;45483;12-10-2022;0.00255
14542;02079K10;GOOG;45483;13-10-2022;0.014344
14542;02079K10;GOOG;45483;14-10-2022;-0.025374
14542;02079K10;GOOG;45483;17-10-2022;0.037045
14542;02079K10;GOOG;45483;18-10-2022;0.006053
14542;02079K10;GOOG;45483;19-10-2022;-0.010849
14542;02079K10;GOOG;45483;20-10-2022;0.002393
14542;02079K10;GOOG;45483;21-10-2022;0.00945
14542;02079K10;GOOG;45483;24-10-2022;0.014683
14542;02079K10;GOOG;45483;25-10-2022;0.019035
14542;02079K10;GOOG;45483;26-10-2022;-0.09635
14542;02079K10;GOOG;45483;27-10-2022;-0.023413
14542;02079K10;GOOG;45483;28-10-2022;0.042981
14542;02079K10;GOOG;45483;31-10-2022;-0.01988
14542;02079K10;GOOG;45483;1-11-2022;-0.043947
14542;02079K10;GOOG;45483;2-11-2022;-0.037901
14542;02079K10;GOOG;45483;3-11-2022;-0.041116
14542;02079K10;GOOG;45483;4-11-2022;0.038448
14542;02079K10;GOOG;45483;7-11-2022;0.022491
14542;02079K10;GOOG;45483;8-11-2022;0.002933
14542;02079K10;GOOG;45483;9-11-2022;-0.016983
14542;02079K10;GOOG;45483;10-11-2022;0.07746
14542;02079K10;GOOG;45483;11-11-2022;0.027185
14542;02079K10;GOOG;45483;14-11-2022;-0.007237
14542;02079K10;GOOG;45483;15-11-2022;0.028012
14542;02079K10;GOOG;45483;16-11-2022;0.002735
14542;02079K10;GOOG;45483;17-11-2022;-0.00495
14542;02079K10;GOOG;45483;18-11-2022;-0.007107
14542;02079K10;GOOG;45483;21-11-2022;-0.020143
14542;02079K10;GOOG;45483;22-11-2022;0.015653
14542;02079K10;GOOG;45483;23-11-2022;0.015309
14542;02079K10;GOOG;45483;25-11-2022;-0.012346
14542;02079K10;GOOG;45483;28-11-2022;-0.013832
14542;02079K10;GOOG;45483;29-11-2022;-0.008416
14542;02079K10;GOOG;45483;30-11-2022;0.062972
14542;02079K10;GOOG;45483;1-12-2022;-0.001676
14542;02079K10;GOOG;45483;2-12-2022;-0.004443
14542;02079K10;GOOG;45483;5-12-2022;-0.009521
14542;02079K10;GOOG;45483;6-12-2022;-0.025633
14542;02079K10;GOOG;45483;7-12-2022;-0.022197
14542;02079K10;GOOG;45483;8-12-2022;-0.012612
14542;02079K10;GOOG;45483;9-12-2022;-0.009367
14542;02079K10;GOOG;45483;12-12-2022;0.005265
14542;02079K10;GOOG;45483;13-12-2022;0.024476
14542;02079K10;GOOG;45483;14-12-2022;-0.005634
14542;02079K10;GOOG;45483;15-12-2022;-0.043122
14542;02079K10;GOOG;45483;16-12-2022;-0.003728
14542;02079K10;GOOG;45483;19-12-2022;-0.01882
14542;02079K10;GOOG;45483;20-12-2022;0.005384
14542;02079K10;GOOG;45483;21-12-2022;0.006917
14542;02079K10;GOOG;45483;22-12-2022;-0.02205
14542;02079K10;GOOG;45483;23-12-2022;0.017562
14542;02079K10;GOOG;45483;27-12-2022;-0.020933
14542;02079K10;GOOG;45483;28-12-2022;-0.016718
14542;02079K10;GOOG;45483;29-12-2022;0.028799
14542;02079K10;GOOG;45483;30-12-2022;-0.002473
14542;02079K10;GOOG;45483;3-1-2023;0.010932
14542;02079K10;GOOG;45483;4-1-2023;-0.011037
14542;02079K10;GOOG;45483;5-1-2023;-0.021869
14542;02079K10;GOOG;45483;6-1-2023;0.016019
14542;02079K10;GOOG;45483;9-1-2023;0.00726
14542;02079K10;GOOG;45483;10-1-2023;0.004955
14542;02079K10;GOOG;45483;11-1-2023;0.033841
14542;02079K10;GOOG;45483;12-1-2023;-0.003794
14542;02079K10;GOOG;45483;13-1-2023;0.009683
14542;02079K10;GOOG;45483;17-1-2023;-0.006897
14542;02079K10;GOOG;45483;18-1-2023;-0.004123
14542;02079K10;GOOG;45483;19-1-2023;0.023208
14542;02079K10;GOOG;45483;20-1-2023;0.057182
14542;02079K10;GOOG;45483;23-1-2023;0.01944
14542;02079K10;GOOG;45483;24-1-2023;-0.019761
14542;02079K10;GOOG;45483;25-1-2023;-0.024997
14542;02079K10;GOOG;45483;26-1-2023;0.025121
14542;02079K10;GOOG;45483;27-1-2023;0.015631
14542;02079K10;GOOG;45483;30-1-2023;-0.027405
14542;02079K10;GOOG;45483;31-1-2023;0.019602
14542;02079K10;GOOG;45483;1-2-2023;0.01562
14542;02079K10;GOOG;45483;2-2-2023;0.072661
14542;02079K10;GOOG;45483;3-2-2023;-0.032904
14542;02079K10;GOOG;45483;6-2-2023;-0.016632
14542;02079K10;GOOG;45483;7-2-2023;0.044167
14542;02079K10;GOOG;45483;8-2-2023;-0.074417
14542;02079K10;GOOG;45483;9-2-2023;-0.0454
14542;02079K10;GOOG;45483;10-2-2023;-0.006285
14542;02079K10;GOOG;45483;13-2-2023;0.001476
14542;02079K10;GOOG;45483;14-2-2023;-0.000526
14542;02079K10;GOOG;45483;15-2-2023;0.022643
14542;02079K10;GOOG;45483;16-2-2023;-0.013594
14542;02079K10;GOOG;45483;17-2-2023;-0.012424
14542;02079K10;GOOG;45483;21-2-2023;-0.026853
14542;02079K10;GOOG;45483;22-2-2023;-0.002716
14542;02079K10;GOOG;45483;23-2-2023;-0.007952
14542;02079K10;GOOG;45483;24-2-2023;-0.018887
14542;02079K10;GOOG;45483;27-2-2023;0.008394
14542;02079K10;GOOG;45483;28-2-2023;0.00222
14542;02079K10;GOOG;45483;1-3-2023;0.002326
14542;02079K10;GOOG;45483;2-3-2023;0.019887
14542;02079K10;GOOG;45483;3-3-2023;0.018525
14542;02079K10;GOOG;45483;6-3-2023;0.016592
14542;02079K10;GOOG;45483;7-3-2023;-0.014752
14542;02079K10;GOOG;45483;8-3-2023;0.005097
14542;02079K10;GOOG;45483;9-3-2023;-0.021025
14542;02079K10;GOOG;45483;10-3-2023;-0.017807
14542;02079K10;GOOG;45483;13-3-2023;0.007142
14542;02079K10;GOOG;45483;14-3-2023;0.028257
14542;02079K10;GOOG;45483;15-3-2023;0.024403
14542;02079K10;GOOG;45483;16-3-2023;0.046815
14542;02079K10;GOOG;45483;17-3-2023;0.013753
14542;02079K10;GOOG;45483;20-3-2023;-0.005173
14542;02079K10;GOOG;45483;21-3-2023;0.03836
14542;02079K10;GOOG;45483;22-3-2023;-0.015306
14542;02079K10;GOOG;45483;23-3-2023;0.019574
14542;02079K10;GOOG;45483;24-3-2023;-0.001882
14542;02079K10;GOOG;45483;27-3-2023;-0.028286
14542;02079K10;GOOG;45483;28-3-2023;-0.016495
14542;02079K10;GOOG;45483;29-3-2023;0.005328
14542;02079K10;GOOG;45483;30-3-2023;-0.005692
14542;02079K10;GOOG;45483;31-3-2023;0.026451
14542;02079K10;GOOG;45483;3-4-2023;0.00875
14542;02079K10;GOOG;45483;4-4-2023;0.002002
14542;02079K10;GOOG;45483;5-4-2023;-0.001617
14542;02079K10;GOOG;45483;6-4-2023;0.037637
14542;02079K10;GOOG;45483;10-4-2023;-0.017906
14542;02079K10;GOOG;45483;11-4-2023;-0.007761
14542;02079K10;GOOG;45483;12-4-2023;-0.008481
14542;02079K10;GOOG;45483;13-4-2023;0.028227
14542;02079K10;GOOG;45483;14-4-2023;0.011739
14542;02079K10;GOOG;45483;17-4-2023;-0.027773
14542;02079K10;GOOG;45483;18-4-2023;-0.012216
14542;02079K10;GOOG;45483;19-4-2023;-0.000951
14542;02079K10;GOOG;45483;20-4-2023;0.008379
14542;02079K10;GOOG;45483;21-4-2023;0.000094
14542;02079K10;GOOG;45483;24-4-2023;0.008215
14542;02079K10;GOOG;45483;25-4-2023;-0.020322
14542;02079K10;GOOG;45483;26-4-2023;-0.001529
14542;02079K10;GOOG;45483;27-4-2023;0.03753
14542;02079K10;GOOG;45483;28-4-2023;-0.001384
14542;02079K10;GOOG;45483;1-5-2023;-0.004713
14542;02079K10;GOOG;45483;2-5-2023;-0.016062
14542;02079K10;GOOG;45483;3-5-2023;0.001321
14542;02079K10;GOOG;45483;4-5-2023;-0.008575
14542;02079K10;GOOG;45483;5-5-2023;0.009552
14542;02079K10;GOOG;45483;8-5-2023;0.019065
14542;02079K10;GOOG;45483;9-5-2023;-0.002772
14542;02079K10;GOOG;45483;10-5-2023;0.040208
14542;02079K10;GOOG;45483;11-5-2023;0.041147
14542;02079K10;GOOG;45483;12-5-2023;0.008725
14542;02079K10;GOOG;45483;15-5-2023;-0.008141
14542;02079K10;GOOG;45483;16-5-2023;0.026761
14542;02079K10;GOOG;45483;17-5-2023;0.011575
14542;02079K10;GOOG;45483;18-5-2023;0.016793
14542;02079K10;GOOG;45483;19-5-2023;-0.002186
14542;02079K10;GOOG;45483;22-5-2023;0.021258
14542;02079K10;GOOG;45483;23-5-2023;-0.020497
14542;02079K10;GOOG;45483;24-5-2023;-0.013383
14542;02079K10;GOOG;45483;25-5-2023;0.022279
14542;02079K10;GOOG;45483;26-5-2023;0.008685
14542;02079K10;GOOG;45483;30-5-2023;-0.006298
14542;02079K10;GOOG;45483;31-5-2023;-0.010189
14542;02079K10;GOOG;45483;1-6-2023;0.008106
14542;02079K10;GOOG;45483;2-6-2023;0.006915
14542;02079K10;GOOG;45483;5-6-2023;0.011179
14542;02079K10;GOOG;45483;6-6-2023;0.010108
14542;02079K10;GOOG;45483;7-6-2023;-0.038855
14542;02079K10;GOOG;45483;8-6-2023;-0.002196
14542;02079K10;GOOG;45483;9-6-2023;0.00163
14542;02079K10;GOOG;45483;12-6-2023;0.012045
14542;02079K10;GOOG;45483;13-6-2023;0.000643
14542;02079K10;GOOG;45483;14-6-2023;-0.000402
14542;02079K10;GOOG;45483;15-6-2023;0.011336
14542;02079K10;GOOG;45483;16-6-2023;-0.013753
14542;02079K10;GOOG;45483;20-6-2023;-0.001693
14542;02079K10;GOOG;45483;21-6-2023;-0.020912
14542;02079K10;GOOG;45483;22-6-2023;0.021524
14542;02079K10;GOOG;45483;23-6-2023;-0.006862
14542;02079K10;GOOG;45483;26-6-2023;-0.031946
14542;02079K10;GOOG;45483;27-6-2023;-0.000672
14542;02079K10;GOOG;45483;28-6-2023;0.017393
14542;02079K10;GOOG;45483;29-6-2023;-0.008837
14542;02079K10;GOOG;45483;30-6-2023;0.007999
14542;02079K10;GOOG;45483;3-7-2023;-0.003389
14542;02079K10;GOOG;45483;5-7-2023;0.01717
14542;02079K10;GOOG;45483;6-7-2023;-0.013863
14542;02079K10;GOOG;45483;7-7-2023;-0.006533
14542;02079K10;GOOG;45483;10-7-2023;-0.027218
14542;02079K10;GOOG;45483;11-7-2023;0.007187
14542;02079K10;GOOG;45483;12-7-2023;0.016226
14542;02079K10;GOOG;45483;13-7-2023;0.043555
14542;02079K10;GOOG;45483;14-7-2023;0.006969
14542;02079K10;GOOG;45483;17-7-2023;-0.005091
14542;02079K10;GOOG;45483;18-7-2023;-0.007836
14542;02079K10;GOOG;45483;19-7-2023;-0.010477
14542;02079K10;GOOG;45483;20-7-2023;-0.02647
14542;02079K10;GOOG;45483;21-7-2023;0.006526
14542;02079K10;GOOG;45483;24-7-2023;0.01305
14542;02079K10;GOOG;45483;25-7-2023;0.007466
14542;02079K10;GOOG;45483;26-7-2023;0.055949
14542;02079K10;GOOG;45483;27-7-2023;0.00162
14542;02079K10;GOOG;45483;28-7-2023;0.024178
14542;02079K10;GOOG;45483;31-7-2023;0.000752
14542;02079K10;GOOG;45483;1-8-2023;-0.009165
14542;02079K10;GOOG;45483;2-8-2023;-0.024642
14542;02079K10;GOOG;45483;3-8-2023;0.001011
14542;02079K10;GOOG;45483;4-8-2023;-0.001786
14542;02079K10;GOOG;45483;7-8-2023;0.026451
14542;02079K10;GOOG;45483;8-8-2023;-0.000758
14542;02079K10;GOOG;45483;9-8-2023;-0.012819
14542;02079K10;GOOG;45483;10-8-2023;0.000461
14542;02079K10;GOOG;45483;11-8-2023;-0.000307
14542;02079K10;GOOG;45483;14-8-2023;0.012753
14542;02079K10;GOOG;45483;15-8-2023;-0.011833
14542;02079K10;GOOG;45483;16-8-2023;-0.008905
14542;02079K10;GOOG;45483;17-8-2023;0.010456
14542;02079K10;GOOG;45483;18-8-2023;-0.018013
14542;02079K10;GOOG;45483;21-8-2023;0.006401
14542;02079K10;GOOG;45483;22-8-2023;0.005895
14542;02079K10;GOOG;45483;23-8-2023;0.027142
14542;02079K10;GOOG;45483;24-8-2023;-0.020944
14542;02079K10;GOOG;45483;25-8-2023;0.00207
14542;02079K10;GOOG;45483;28-8-2023;0.008417
14542;02079K10;GOOG;45483;29-8-2023;0.028075
14542;02079K10;GOOG;45483;30-8-2023;0.010628
14542;02079K10;GOOG;45483;31-8-2023;0.003067
14542;02079K10;GOOG;45483;1-9-2023;-0.004004
14542;02079K10;GOOG;45483;5-9-2023;-0.000658
14542;02079K10;GOOG;45483;6-9-2023;-0.009802
14542;02079K10;GOOG;45483;7-9-2023;0.006131
14542;02079K10;GOOG;45483;8-9-2023;0.007342
14542;02079K10;GOOG;45483;11-9-2023;0.003936
14542;02079K10;GOOG;45483;12-9-2023;-0.012124
14542;02079K10;GOOG;45483;13-9-2023;0.010509
14542;02079K10;GOOG;45483;14-9-2023;0.010836
14542;02079K10;GOOG;45483;15-9-2023;-0.004964
14542;02079K10;GOOG;45483;18-9-2023;0.004772
14542;02079K10;GOOG;45483;19-9-2023;-0.000936
14542;02079K10;GOOG;45483;20-9-2023;-0.030541
14542;02079K10;GOOG;45483;21-9-2023;-0.023999
14542;02079K10;GOOG;45483;22-9-2023;-0.000837
14542;02079K10;GOOG;45483;25-9-2023;0.00701
14542;02079K10;GOOG;45483;26-9-2023;-0.02058
14542;02079K10;GOOG;45483;27-9-2023;0.015527
14542;02079K10;GOOG;45483;28-9-2023;0.012703
14542;02079K10;GOOG;45483;29-9-2023;-0.009615
14542;02079K10;GOOG;45483;2-10-2023;0.02518
14542;02079K10;GOOG;45483;3-10-2023;-0.013834
14542;02079K10;GOOG;45483;4-10-2023;0.022281
14542;02079K10;GOOG;45483;5-10-2023;-0.002055
14542;02079K10;GOOG;45483;6-10-2023;0.020149
14542;02079K10;GOOG;45483;9-10-2023;0.00555
14542;02079K10;GOOG;45483;10-10-2023;-0.002151
14542;02079K10;GOOG;45483;11-10-2023;0.01796
14542;02079K10;GOOG;45483;12-10-2023;-0.009951
14542;02079K10;GOOG;45483;13-10-2023;-0.012189
14542;02079K10;GOOG;45483;16-10-2023;0.013783
14542;02079K10;GOOG;45483;17-10-2023;0.003559
14542;02079K10;GOOG;45483;18-10-2023;-0.012129
14542;02079K10;GOOG;45483;19-10-2023;-0.002154
14542;02079K10;GOOG;45483;20-10-2023;-0.016117
14542;02079K10;GOOG;45483;23-10-2023;0.008483
14542;02079K10;GOOG;45483;24-10-2023;0.016099
14542;02079K10;GOOG;45483;25-10-2023;-0.095989
14542;02079K10;GOOG;45483;26-10-2023;-0.025499
14542;02079K10;GOOG;45483;27-10-2023;-0.000324
14542;02079K10;GOOG;45483;30-10-2023;0.019044
14542;02079K10;GOOG;45483;31-10-2023;-0.003579
14542;02079K10;GOOG;45483;1-11-2023;0.018117
14542;02079K10;GOOG;45483;2-11-2023;0.007917
14542;02079K10;GOOG;45483;3-11-2023;0.013921
14542;02079K10;GOOG;45483;6-11-2023;0.008284
14542;02079K10;GOOG;45483;7-11-2023;0.007227
14542;02079K10;GOOG;45483;8-11-2023;0.006495
14542;02079K10;GOOG;45483;9-11-2023;-0.011781
14542;02079K10;GOOG;45483;10-11-2023;0.017997
14542;02079K10;GOOG;45483;13-11-2023;-0.003133
14542;02079K10;GOOG;45483;14-11-2023;0.013394
14542;02079K10;GOOG;45483;15-11-2023;0.007015
14542;02079K10;GOOG;45483;16-11-2023;0.017011
14542;02079K10;GOOG;45483;17-11-2023;-0.012689
14542;02079K10;GOOG;45483;20-11-2023;0.007156
14542;02079K10;GOOG;45483;21-11-2023;0.005075
14542;02079K10;GOOG;45483;22-11-2023;0.0101
14542;02079K10;GOOG;45483;24-11-2023;-0.012855
14542;02079K10;GOOG;45483;27-11-2023;-0.00123
14542;02079K10;GOOG;45483;28-11-2023;0.004129
14542;02079K10;GOOG;45483;29-11-2023;-0.016015
14542;02079K10;GOOG;45483;30-11-2023;-0.018182
14542;02079K10;GOOG;45483;1-12-2023;-0.00448
14542;02079K10;GOOG;45483;4-12-2023;-0.020177
14542;02079K10;GOOG;45483;5-12-2023;0.013473
14542;02079K10;GOOG;45483;6-12-2023;-0.007251
14542;02079K10;GOOG;45483;7-12-2023;0.053412
14542;02079K10;GOOG;45483;8-12-2023;-0.013073
14542;02079K10;GOOG;45483;11-12-2023;-0.014198
14542;02079K10;GOOG;45483;12-12-2023;-0.007869
14542;02079K10;GOOG;45483;13-12-2023;0.002469
14542;02079K10;GOOG;45483;14-12-2023;-0.005748
14542;02079K10;GOOG;45483;15-12-2023;0.004805
14542;02079K10;GOOG;45483;18-12-2023;0.02503
14542;02079K10;GOOG;45483;19-12-2023;0.006633
14542;02079K10;GOOG;45483;20-12-2023;0.011296
14542;02079K10;GOOG;45483;21-12-2023;0.015323
14542;02079K10;GOOG;45483;22-12-2023;0.006488
14542;02079K10;GOOG;45483;26-12-2023;0.000701
14542;02079K10;GOOG;45483;27-12-2023;-0.009663
14542;02079K10;GOOG;45483;28-12-2023;-0.001131
14542;02079K10;GOOG;45483;29-12-2023;-0.002477
14542;02079K10;GOOG;45483;2-1-2024;-0.009721
14542;02079K10;GOOG;45483;3-1-2024;0.005732
14542;02079K10;GOOG;45483;4-1-2024;-0.016529
14542;02079K10;GOOG;45483;5-1-2024;-0.004709
14542;02079K10;GOOG;45483;8-1-2024;0.022855
14542;02079K10;GOOG;45483;9-1-2024;0.014445
14542;02079K10;GOOG;45483;10-1-2024;0.008698
14542;02079K10;GOOG;45483;11-1-2024;-0.000904
14542;02079K10;GOOG;45483;12-1-2024;0.003967
14542;02079K10;GOOG;45483;16-1-2024;-0.001109
14542;02079K10;GOOG;45483;17-1-2024;-0.008259
14542;02079K10;GOOG;45483;18-1-2024;0.014697
14542;02079K10;GOOG;45483;19-1-2024;0.020553
14542;02079K10;GOOG;45483;22-1-2024;-0.001757
14542;02079K10;GOOG;45483;23-1-2024;0.006567
14542;02079K10;GOOG;45483;24-1-2024;0.011232
14542;02079K10;GOOG;45483;25-1-2024;0.021882
14542;02079K10;GOOG;45483;26-1-2024;0.000976
14542;02079K10;GOOG;45483;29-1-2024;0.006827
14542;02079K10;GOOG;45483;30-1-2024;-0.01156
14542;02079K10;GOOG;45483;31-1-2024;-0.073505
14542;02079K10;GOOG;45483;1-2-2024;0.006417
14542;02079K10;GOOG;45483;2-2-2024;0.005816
14542;02079K10;GOOG;45483;5-2-2024;0.009684
14542;02079K10;GOOG;45483;6-2-2024;0.003312
14542;02079K10;GOOG;45483;7-2-2024;0.008734
14542;02079K10;GOOG;45483;8-2-2024;0.003681
14542;02079K10;GOOG;45483;9-2-2024;0.020378
14542;02079K10;GOOG;45483;12-2-2024;-0.009919
14542;02079K10;GOOG;45483;13-2-2024;-0.015868
14542;02079K10;GOOG;45483;14-2-2024;0.005261
14542;02079K10;GOOG;45483;15-2-2024;-0.021748
14542;02079K10;GOOG;45483;16-2-2024;-0.015145
14542;02079K10;GOOG;45483;20-2-2024;0.003104
14542;02079K10;GOOG;45483;21-2-2024;0.011533
14542;02079K10;GOOG;45483;22-2-2024;0.010289
14542;02079K10;GOOG;45483;23-2-2024;-0.000206
14542;02079K10;GOOG;45483;26-2-2024;-0.045013
14542;02079K10;GOOG;45483;27-2-2024;0.00973
14542;02079K10;GOOG;45483;28-2-2024;-0.019058
14542;02079K10;GOOG;45483;29-2-2024;0.0171
14542;02079K10;GOOG;45483;1-3-2024;-0.012162
14542;02079K10;GOOG;45483;4-3-2024;-0.0281
14542;02079K10;GOOG;45483;5-3-2024;-0.00313
14542;02079K10;GOOG;45483;6-3-2024;-0.009119
14542;02079K10;GOOG;45483;7-3-2024;0.020217
14542;02079K10;GOOG;45483;8-3-2024;0.007764
14542;02079K10;GOOG;45483;11-3-2024;0.019444
14542;02079K10;GOOG;45483;12-3-2024;0.004894
14542;02079K10;GOOG;45483;13-3-2024;0.008237
14542;02079K10;GOOG;45483;14-3-2024;0.025361
14542;02079K10;GOOG;45483;15-3-2024;-0.015034
14542;02079K10;GOOG;45483;18-3-2024;0.044383
14542;02079K10;GOOG;45483;19-3-2024;-0.003772
14542;02079K10;GOOG;45483;20-3-2024;0.011898
14542;02079K10;GOOG;45483;21-3-2024;-0.00628
14542;02079K10;GOOG;45483;22-3-2024;0.020371
14542;02079K10;GOOG;45483;25-3-2024;-0.004085
14542;02079K10;GOOG;45483;26-3-2024;0.003639
14542;02079K10;GOOG;45483;27-3-2024;0.001582
14542;02079K10;GOOG;45483;28-3-2024;0.002106
14542;02079K10;GOOG;45483;1-4-2024;0.027847
14542;02079K10;GOOG;45483;2-4-2024;-0.004026
14542;02079K10;GOOG;45483;3-4-2024;0.003208
14542;02079K10;GOOG;45483;4-4-2024;-0.02833
14542;02079K10;GOOG;45483;5-4-2024;0.013163
14542;02079K10;GOOG;45483;8-4-2024;0.014291
14542;02079K10;GOOG;45483;9-4-2024;0.012809
14542;02079K10;GOOG;45483;10-4-2024;-0.003035
14542;02079K10;GOOG;45483;11-4-2024;0.019853
14542;02079K10;GOOG;45483;12-4-2024;-0.009951
14542;02079K10;GOOG;45483;15-4-2024;-0.017966
14542;02079K10;GOOG;45483;16-4-2024;-0.002111
14542;02079K10;GOOG;45483;17-4-2024;0.005641
14542;02079K10;GOOG;45483;18-4-2024;0.003697
14542;02079K10;GOOG;45483;19-4-2024;-0.01105
14542;02079K10;GOOG;45483;22-4-2024;0.014321
14542;02079K10;GOOG;45483;23-4-2024;0.012472
14542;02079K10;GOOG;45483;24-4-2024;0.007379
14542;02079K10;GOOG;45483;25-4-2024;-0.019553
14542;02079K10;GOOG;45483;26-4-2024;0.099652
14542;02079K10;GOOG;45483;29-4-2024;-0.033335
14542;02079K10;GOOG;45483;30-4-2024;-0.019416
14542;02079K10;GOOG;45483;1-5-2024;0.005649
14542;02079K10;GOOG;45483;2-5-2024;0.017455
14542;02079K10;GOOG;45483;3-5-2024;0.003146
14542;02079K10;GOOG;45483;6-5-2024;0.004971
14542;02079K10;GOOG;45483;7-5-2024;0.018548
14542;02079K10;GOOG;45483;8-5-2024;-0.010521
14542;02079K10;GOOG;45483;9-5-2024;0.002454
14542;02079K10;GOOG;45483;10-5-2024;-0.007518
14542;02079K10;GOOG;45483;13-5-2024;0.003582
14542;02079K10;GOOG;45483;14-5-2024;0.006027
14542;02079K10;GOOG;45483;15-5-2024;0.011342
14542;02079K10;GOOG;45483;16-5-2024;0.008914
14542;02079K10;GOOG;45483;17-5-2024;0.010603
14542;02079K10;GOOG;45483;20-5-2024;0.006599
14542;02079K10;GOOG;45483;21-5-2024;0.006052
14542;02079K10;GOOG;45483;22-5-2024;-0.008577
14542;02079K10;GOOG;45483;23-5-2024;-0.016517
14542;02079K10;GOOG;45483;24-5-2024;0.007255
14542;02079K10;GOOG;45483;28-5-2024;0.009584
14542;02079K10;GOOG;45483;29-5-2024;-0.003483
14542;02079K10;GOOG;45483;30-5-2024;-0.021646
14542;02079K10;GOOG;45483;31-5-2024;0.002305
14542;02079K10;GOOG;45483;3-6-2024;0.002644
14542;02079K10;GOOG;45483;4-6-2024;0.004071
14542;02079K10;GOOG;45483;5-6-2024;0.011077
14542;02079K10;GOOG;45483;6-6-2024;0.007229
14542;02079K10;GOOG;45483;7-6-2024;-0.013457
14542;02079K10;GOOG;45483;10-6-2024;0.005001
14542;02079K10;GOOG;45483;11-6-2024;0.008832
14542;02079K10;GOOG;45483;12-6-2024;0.007688
14542;02079K10;GOOG;45483;13-6-2024;-0.015705
14542;02079K10;GOOG;45483;14-6-2024;0.009223
14542;02079K10;GOOG;45483;17-6-2024;0.002299
14542;02079K10;GOOG;45483;18-6-2024;-0.013033
14542;02079K10;GOOG;45483;20-6-2024;0.007141
14542;02079K10;GOOG;45483;21-6-2024;0.014349
14542;02079K10;GOOG;45483;24-6-2024;0.00294
14542;02079K10;GOOG;45483;25-6-2024;0.026495
14542;02079K10;GOOG;45483;26-6-2024;-0.001132
14542;02079K10;GOOG;45483;27-6-2024;0.008038
14542;02079K10;GOOG;45483;28-6-2024;-0.01841
14542;02079K10;GOOG;45483;1-7-2024;0.005834
14542;02079K10;GOOG;45483;2-7-2024;0.011491
14542;02079K10;GOOG;45483;3-7-2024;0.00418
14542;02079K10;GOOG;45483;5-7-2024;0.024388
14542;02079K10;GOOG;45483;8-7-2024;-0.00771
14542;02079K10;GOOG;45483;9-7-2024;-0.00021
14542;02079K10;GOOG;45483;10-7-2024;0.011657
14542;02079K10;GOOG;45483;11-7-2024;-0.027821
14542;02079K10;GOOG;45483;12-7-2024;-0.002776
14542;02079K10;GOOG;45483;15-7-2024;0.007549
14542;02079K10;GOOG;45483;16-7-2024;-0.014294
14542;02079K10;GOOG;45483;17-7-2024;-0.015526
14542;02079K10;GOOG;45483;18-7-2024;-0.018618
14542;02079K10;GOOG;45483;19-7-2024;0.000949
14542;02079K10;GOOG;45483;22-7-2024;0.022075
14542;02079K10;GOOG;45483;23-7-2024;0.001364
14542;02079K10;GOOG;45483;24-7-2024;-0.050272
14542;02079K10;GOOG;45483;25-7-2024;-0.029879
14542;02079K10;GOOG;45483;26-7-2024;-0.002838
14542;02079K10;GOOG;45483;29-7-2024;0.014525
14542;02079K10;GOOG;45483;30-7-2024;0.004266
14542;02079K10;GOOG;45483;31-7-2024;0.007506
14542;02079K10;GOOG;45483;1-8-2024;-0.004043
14542;02079K10;GOOG;45483;2-8-2024;-0.023485
14542;02079K10;GOOG;45483;5-8-2024;-0.046081
14542;02079K10;GOOG;45483;6-8-2024;-0.000623
14542;02079K10;GOOG;45483;7-8-2024;0.001308
14542;02079K10;GOOG;45483;8-8-2024;0.019222
14542;02079K10;GOOG;45483;9-8-2024;0.00946
14542;02079K10;GOOG;45483;12-8-2024;-0.008707
14542;02079K10;GOOG;45483;13-8-2024;0.012077
14542;02079K10;GOOG;45483;14-8-2024;-0.023504
14542;02079K10;GOOG;45483;15-8-2024;0.007036
14542;02079K10;GOOG;45483;16-8-2024;0.009622
14542;02079K10;GOOG;45483;19-8-2024;0.022217
14542;02079K10;GOOG;45483;20-8-2024;0.003325
14542;02079K10;GOOG;45483;21-8-2024;-0.007872
14542;02079K10;GOOG;45483;22-8-2024;-0.012766
14542;02079K10;GOOG;45483;23-8-2024;0.011723
14542;02079K10;GOOG;45483;26-8-2024;0.002986
14542;02079K10;GOOG;45483;27-8-2024;-0.00923
14542;02079K10;GOOG;45483;28-8-2024;-0.011299
14542;02079K10;GOOG;45483;29-8-2024;-0.006687
14542;02079K10;GOOG;45483;30-8-2024;0.010465
14542;02079K10;GOOG;45483;3-9-2024;-0.039368
14542;02079K10;GOOG;45483;4-9-2024;-0.005044
14542;02079K10;GOOG;45483;5-9-2024;0.005006
14542;02079K10;GOOG;45483;6-9-2024;-0.040794
14542;02079K10;GOOG;45483;9-9-2024;-0.01571
14542;02079K10;GOOG;45483;10-9-2024;0.003143
14542;02079K10;GOOG;45483;11-9-2024;0.014266
14542;02079K10;GOOG;45483;12-9-2024;0.022281
14542;02079K10;GOOG;45483;13-9-2024;0.018195
14542;02079K10;GOOG;45483;16-9-2024;0.003915
14542;02079K10;GOOG;45483;17-9-2024;0.008114
14542;02079K10;GOOG;45483;18-9-2024;0.003307
14542;02079K10;GOOG;45483;19-9-2024;0.015111
14542;02079K10;GOOG;45483;20-9-2024;0.008576
14542;02079K10;GOOG;45483;23-9-2024;-0.009536
14542;02079K10;GOOG;45483;24-9-2024;0.003495
14542;02079K10;GOOG;45483;25-9-2024;-0.003972
14542;02079K10;GOOG;45483;26-9-2024;0.005154
14542;02079K10;GOOG;45483;27-9-2024;0.008912
14542;02079K10;GOOG;45483;30-9-2024;0.011495
14542;02079K10;GOOG;45483;1-10-2024;0.007357
14542;02079K10;GOOG;45483;2-10-2024;-0.006591
14542;02079K10;GOOG;45483;3-10-2024;-0.000598
14542;02079K10;GOOG;45483;4-10-2024;0.008074
14542;02079K10;GOOG;45483;7-10-2024;-0.024739
14542;02079K10;GOOG;45483;8-10-2024;0.007969
14542;02079K10;GOOG;45483;9-10-2024;-0.015932
14542;02079K10;GOOG;45483;10-10-2024;0.000736
14542;02079K10;GOOG;45483;11-10-2024;0.008212
14542;02079K10;GOOG;45483;14-10-2024;0.011123
14542;02079K10;GOOG;45483;15-10-2024;0.003306
14542;02079K10;GOOG;45483;16-10-2024;-0.000959
14542;02079K10;GOOG;45483;17-10-2024;-0.013374
14542;02079K10;GOOG;45483;18-10-2024;0.003282
14542;02079K10;GOOG;45483;21-10-2024;0.004544
14542;02079K10;GOOG;45483;22-10-2024;0.006152
14542;02079K10;GOOG;45483;23-10-2024;-0.014027
14542;02079K10;GOOG;45483;24-10-2024;0.000304
14542;02079K10;GOOG;45483;25-10-2024;0.014952
14542;02079K10;GOOG;45483;28-10-2024;0.008084
14542;02079K10;GOOG;45483;29-10-2024;0.016633
14542;02079K10;GOOG;45483;30-10-2024;0.029216
14542;02079K10;GOOG;45483;31-10-2024;-0.019587
14542;02079K10;GOOG;45483;1-11-2024;-0.000232
14542;02079K10;GOOG;45483;4-11-2024;-0.01141
14542;02079K10;GOOG;45483;5-11-2024;0.004277
14542;02079K10;GOOG;45483;6-11-2024;0.040371
14542;02079K10;GOOG;45483;7-11-2024;0.02215
14542;02079K10;GOOG;45483;8-11-2024;-0.013276
14542;02079K10;GOOG;45483;11-11-2024;0.011731
14542;02079K10;GOOG;45483;12-11-2024;0.007419
14542;02079K10;GOOG;45483;13-11-2024;-0.015437
14542;02079K10;GOOG;45483;14-11-2024;-0.017397
14542;02079K10;GOOG;45483;15-11-2024;-0.019509
14542;02079K10;GOOG;45483;18-11-2024;0.016735
14542;02079K10;GOOG;45483;19-11-2024;0.015724
14542;02079K10;GOOG;45483;20-11-2024;-0.012529
14542;02079K10;GOOG;45483;21-11-2024;-0.045621
14542;02079K10;GOOG;45483;22-11-2024;-0.015776
14542;02079K10;GOOG;45483;25-11-2024;0.01717
14542;02079K10;GOOG;45483;26-11-2024;0.007024
14542;02079K10;GOOG;45483;27-11-2024;0.001172
14542;02079K10;GOOG;45483;29-11-2024;-0.001932
14542;02079K10;GOOG;45483;2-12-2024;0.014605
14542;02079K10;GOOG;45483;3-12-2024;0.000231
14542;02079K10;GOOG;45483;4-12-2024;0.017744
14542;02079K10;GOOG;45483;5-12-2024;-0.010108
14542;02079K10;GOOG;45483;6-12-2024;0.012506
14542;02079K10;GOOG;45483;9-12-2024;0.004589
14542;02079K10;GOOG;45483;10-12-2024;0.053247
14542;02079K10;GOOG;45483;11-12-2024;0.054576
14542;02079K10;GOOG;45483;12-12-2024;-0.015658
14542;02079K10;GOOG;45483;13-12-2024;-0.01162
14542;02079K10;GOOG;45483;16-12-2024;0.035427
14542;02079K10;GOOG;45483;17-12-2024;-0.005248
14542;02079K10;GOOG;45483;18-12-2024;-0.035359
14542;02079K10;GOOG;45483;19-12-2024;-0.002367
14542;02079K10;GOOG;45483;20-12-2024;0.017185
14542;02079K10;GOOG;45483;23-12-2024;0.015703
14542;02079K10;GOOG;45483;24-12-2024;0.008062
14542;02079K10;GOOG;45483;26-12-2024;-0.002379
14542;02079K10;GOOG;45483;27-12-2024;-0.015525
14542;02079K10;GOOG;45483;30-12-2024;-0.006957
14542;02079K10;GOOG;45483;31-12-2024;-0.011677
14542;02079K10;GOOG;45483;2-1-2025;0.000998
14542;02079K10;GOOG;45483;3-1-2025;0.013114
14542;02079K10;GOOG;45483;6-1-2025;0.025009
14542;02079K10;GOOG;45483;7-1-2025;-0.006314
14542;02079K10;GOOG;45483;8-1-2025;-0.00671
14542;02079K10;GOOG;45483;10-1-2025;-0.011362
14542;02079K10;GOOG;45483;13-1-2025;-0.004556
14542;02079K10;GOOG;45483;14-1-2025;-0.006449
14542;02079K10;GOOG;45483;15-1-2025;0.031039
14542;02079K10;GOOG;45483;16-1-2025;-0.013047
14542;02079K10;GOOG;45483;17-1-2025;0.016151
14542;02079K10;GOOG;45483;21-1-2025;0.010529
14542;02079K10;GOOG;45483;22-1-2025;0.002004
14542;02079K10;GOOG;45483;23-1-2025;-0.00225
14542;02079K10;GOOG;45483;24-1-2025;0.011624
14542;02079K10;GOOG;45483;27-1-2025;-0.040267
14542;02079K10;GOOG;45483;28-1-2025;0.017031
14542;02079K10;GOOG;45483;29-1-2025;0.000558
14542;02079K10;GOOG;45483;30-1-2025;0.02764
14542;02079K10;GOOG;45483;31-1-2025;0.014657
14542;02079K10;GOOG;45483;3-2-2025;-0.014397
14542;02079K10;GOOG;45483;4-2-2025;0.02502
14542;02079K10;GOOG;45483;5-2-2025;-0.069376
14542;02079K10;GOOG;45483;6-2-2025;0.000052
14542;02079K10;GOOG;45483;7-2-2025;-0.031918
14542;02079K10;GOOG;45483;10-2-2025;0.005664
14542;02079K10;GOOG;45483;11-2-2025;-0.006004
14542;02079K10;GOOG;45483;12-2-2025;-0.008767
14542;02079K10;GOOG;45483;13-2-2025;0.013213
14542;02079K10;GOOG;45483;14-2-2025;-0.005376
14542;02079K10;GOOG;45483;18-2-2025;-0.005726
14542;02079K10;GOOG;45483;19-2-2025;0.007158
14542;02079K10;GOOG;45483;20-2-2025;-0.002619
14542;02079K10;GOOG;45483;21-2-2025;-0.027111
14542;02079K10;GOOG;45483;24-2-2025;-0.002148
14542;02079K10;GOOG;45483;25-2-2025;-0.021083
14542;02079K10;GOOG;45483;26-2-2025;-0.015053
14542;02079K10;GOOG;45483;27-2-2025;-0.025701
14542;02079K10;GOOG;45483;28-2-2025;0.011809
14542;02079K10;GOOG;45483;3-3-2025;-0.020671
14542;02079K10;GOOG;45483;4-3-2025;0.02342
14542;02079K10;GOOG;45483;5-3-2025;0.013788
14542;02079K10;GOOG;45483;6-3-2025;-0.004457
14542;02079K10;GOOG;45483;7-3-2025;0.00884
14542;02079K10;GOOG;45483;10-3-2025;-0.04404
14542;02079K10;GOOG;45483;11-3-2025;-0.010905
14542;02079K10;GOOG;45483;12-3-2025;0.018195
14542;02079K10;GOOG;45483;13-3-2025;-0.025266
14542;02079K10;GOOG;45483;14-3-2025;0.017544
14542;02079K10;GOOG;45483;17-3-2025;-0.006264
14542;02079K10;GOOG;45483;18-3-2025;-0.023414
14542;02079K10;GOOG;45483;19-3-2025;0.022192
14542;02079K10;GOOG;45483;20-3-2025;-0.007397
14542;02079K10;GOOG;45483;21-3-2025;0.007271
14542;02079K10;GOOG;45483;24-3-2025;0.022135
14542;02079K10;GOOG;45483;25-3-2025;0.01683
14542;02079K10;GOOG;45483;26-3-2025;-0.032699
14542;02079K10;GOOG;45483;27-3-2025;-0.018308
14542;02079K10;GOOG;45483;28-3-2025;-0.048879
14542;02079K10;GOOG;45483;31-3-2025;0.001089
14542;02079K10;GOOG;45483;1-4-2025;0.016962
14542;02079K10;GOOG;45483;2-4-2025;-0.000126
14542;02079K10;GOOG;45483;3-4-2025;-0.039217
14542;02079K10;GOOG;45483;4-4-2025;-0.032038
14542;02079K10;GOOG;45483;7-4-2025;0.010153
14542;02079K10;GOOG;45483;8-4-2025;-0.017824
14542;02079K10;GOOG;45483;9-4-2025;0.098786
14542;02079K10;GOOG;45483;10-4-2025;-0.035328
14542;02079K10;GOOG;45483;11-4-2025;0.025938
14542;02079K10;GOOG;45483;14-4-2025;0.012986
14542;02079K10;GOOG;45483;15-4-2025;-0.017279
14542;02079K10;GOOG;45483;16-4-2025;-0.02004
14542;02079K10;GOOG;45483;17-4-2025;-0.013762
14542;02079K10;GOOG;45483;21-4-2025;-0.022822
14542;02079K10;GOOG;45483;22-4-2025;0.026958
14542;02079K10;GOOG;45483;23-4-2025;0.024821
14542;02079K10;GOOG;45483;24-4-2025;0.023776
14542;02079K10;GOOG;45483;25-4-2025;0.01474
14542;02079K10;GOOG;45483;28-4-2025;-0.008727
14542;02079K10;GOOG;45483;29-4-2025;-0.002216
14542;02079K10;GOOG;45483;30-4-2025;-0.00722
14542;02079K10;GOOG;45483;1-5-2025;0.011809
14542;02079K10;GOOG;45483;2-5-2025;0.018552
14542;02079K10;GOOG;45483;5-5-2025;0.001447
14542;02079K10;GOOG;45483;6-5-2025;-0.005119
14542;02079K10;GOOG;45483;7-5-2025;-0.075061
14542;02079K10;GOOG;45483;8-5-2025;0.019306
14542;02079K10;GOOG;45483;9-5-2025;-0.008796
14542;02079K10;GOOG;45483;12-5-2025;0.033683
14542;02079K10;GOOG;45483;13-5-2025;0.008209
14542;02079K10;GOOG;45483;14-5-2025;0.036795
14542;02079K10;GOOG;45483;15-5-2025;-0.008453
14542;02079K10;GOOG;45483;16-5-2025;0.012273
14542;02079K10;GOOG;45483;19-5-2025;0.002628
14542;02079K10;GOOG;45483;20-5-2025;-0.01519
14542;02079K10;GOOG;45483;21-5-2025;0.028672
14542;02079K10;GOOG;45483;22-5-2025;0.01129
14542;02079K10;GOOG;45483;23-5-2025;-0.013897
14542;02079K10;GOOG;45483;27-5-2025;0.025886
14542;02079K10;GOOG;45483;28-5-2025;-0.003449
14542;02079K10;GOOG;45483;29-5-2025;-0.002422
14542;02079K10;GOOG;45483;30-5-2025;-0.000636
14542;02079K10;GOOG;45483;2-6-2025;-0.014348
14542;02079K10;GOOG;45483;3-6-2025;-0.015613
14542;02079K10;GOOG;45483;4-6-2025;0.010017
14542;02079K10;GOOG;45483;5-6-2025;0.002479
14542;02079K10;GOOG;45483;6-6-2025;0.030092
14542;02079K10;GOOG;45483;9-6-2025;0.016693
14542;02079K10;GOOG;45483;10-6-2025;0.013399
14542;02079K10;GOOG;45483;11-6-2025;-0.006777
14542;02079K10;GOOG;45483;12-6-2025;-0.01018
14542;02079K10;GOOG;45483;13-6-2025;-0.006159
14542;02079K10;GOOG;45483;16-6-2025;0.011713
14542;02079K10;GOOG;45483;17-6-2025;-0.00399
14542;02079K10;GOOG;45483;18-6-2025;-0.018338
14542;02079K10;GOOG;45483;20-6-2025;-0.035924
14542;02079K10;GOOG;45483;23-6-2025;-0.010255
14542;02079K10;GOOG;45483;24-6-2025;0.010421
14542;02079K10;GOOG;45483;25-6-2025;0.022356
14542;02079K10;GOOG;45483;26-6-2025;0.017144
14542;02079K10;GOOG;45483;27-6-2025;0.022015
14542;02079K10;GOOG;45483;30-6-2025;-0.004936
14542;02079K10;GOOG;45483;1-7-2025;-0.002706
14542;02079K10;GOOG;45483;2-7-2025;0.01611
14542;02079K10;GOOG;45483;3-7-2025;0.004395
14542;02079K10;GOOG;45483;7-7-2025;-0.016561
14542;02079K10;GOOG;45483;8-7-2025;-0.013517
14542;02079K10;GOOG;45483;9-7-2025;0.014273
14542;02079K10;GOOG;45483;10-7-2025;0.005854
14542;02079K10;GOOG;45483;11-7-2025;0.014605
14542;02079K10;GOOG;45483;14-7-2025;0.008273
14542;02079K10;GOOG;45483;15-7-2025;0.001586
14542;02079K10;GOOG;45483;16-7-2025;0.003659
14542;02079K10;GOOG;45483;17-7-2025;0.005061
14542;02079K10;GOOG;45483;18-7-2025;0.006714
14542;02079K10;GOOG;45483;21-7-2025;0.02802
14542;02079K10;GOOG;45483;22-7-2025;0.005022
14542;02079K10;GOOG;45483;23-7-2025;-0.003123
14542;02079K10;GOOG;45483;24-7-2025;0.008825
14542;02079K10;GOOG;45483;25-7-2025;0.004555
14542;02079K10;GOOG;45483;28-7-2025;-0.003401
14542;02079K10;GOOG;45483;29-7-2025;0.015562
14542;02079K10;GOOG;45483;30-7-2025;0.005142
14542;02079K10;GOOG;45483;31-7-2025;-0.023197
14542;02079K10;GOOG;45483;1-8-2025;-0.015089
14542;02079K10;GOOG;45483;4-8-2025;0.030534
14542;02079K10;GOOG;45483;5-8-2025;-0.002197
14542;02079K10;GOOG;45483;6-8-2025;0.008192
14542;02079K10;GOOG;45483;7-8-2025;0.001828
14542;02079K10;GOOG;45483;8-8-2025;0.024382
14542;02079K10;GOOG;45483;11-8-2025;-0.002276
14542;02079K10;GOOG;45483;12-8-2025;0.012548
14542;02079K10;GOOG;45483;13-8-2025;-0.005535
14542;02079K10;GOOG;45483;14-8-2025;0.003891
14542;02079K10;GOOG;45483;15-8-2025;0.005348
14542;02079K10;GOOG;45483;18-8-2025;-0.003026
14542;02079K10;GOOG;45483;19-8-2025;-0.008811
14542;02079K10;GOOG;45483;20-8-2025;-0.011359
14542;02079K10;GOOG;45483;21-8-2025;0.002148
14542;02079K10;GOOG;45483;22-8-2025;0.030406
14542;02079K10;GOOG;45483;25-8-2025;0.011803
14542;02079K10;GOOG;45483;26-8-2025;-0.005785
14542;02079K10;GOOG;45483;27-8-2025;0.00125
14542;02079K10;GOOG;45483;28-8-2025;0.01998
14542;02079K10;GOOG;45483;29-8-2025;0.005462
14542;02079K10;GOOG;45483;2-9-2025;-0.007212
14542;02079K10;GOOG;45483;3-9-2025;0.090146
14542;02079K10;GOOG;45483;4-9-2025;0.00675
14542;02079K10;GOOG;45483;5-9-2025;0.010788
14542;02079K10;GOOG;45483;8-9-2025;-0.003402
14542;02079K10;GOOG;45483;9-9-2025;0.024684
14542;02079K10;GOOG;45483;10-9-2025;-0.001584
14542;02079K10;GOOG;45483;11-9-2025;0.005093
14542;02079K10;GOOG;45483;12-9-2025;0.002492
14542;02079K10;GOOG;45483;15-9-2025;0.043003
14542;02079K10;GOOG;45483;16-9-2025;-0.00135
14542;02079K10;GOOG;45483;17-9-2025;-0.006245
14542;02079K10;GOOG;45483;18-9-2025;0.009926
14542;02079K10;GOOG;45483;19-9-2025;0.011533
14542;02079K10;GOOG;45483;22-9-2025;-0.009246
14542;02079K10;GOOG;45483;23-9-2025;-0.002135
14542;02079K10;GOOG;45483;24-9-2025;-0.017873
14542;02079K10;GOOG;45483;25-9-2025;-0.005084
14542;02079K10;GOOG;45483;26-9-2025;0.002474
14542;02079K10;GOOG;45483;29-9-2025;-0.011409
14542;02079K10;GOOG;45483;30-9-2025;-0.003315
14542;02079K10;GOOG;45483;1-10-2025;0.008171
14542;02079K10;GOOG;45483;2-10-2025;0.003625
14542;02079K10;GOOG;45483;3-10-2025;0.000081
14542;02079K10;GOOG;45483;6-10-2025;0.020532
14542;02079K10;GOOG;45483;7-10-2025;-0.017415
14542;02079K10;GOOG;45483;8-10-2025;-0.006758
14542;02079K10;GOOG;45483;9-10-2025;-0.01324
14542;02079K10;GOOG;45483;10-10-2025;-0.019487
14542;02079K10;GOOG;45483;13-10-2025;0.030107
14542;02079K10;GOOG;45483;14-10-2025;0.006336
14542;02079K10;GOOG;45483;15-10-2025;0.022422
14542;02079K10;GOOG;45483;16-10-2025;0.000675
14542;02079K10;GOOG;45483;17-10-2025;0.007583
14542;02079K10;GOOG;45483;20-10-2025;0.012727
14542;02079K10;GOOG;45483;21-10-2025;-0.022099
14542;02079K10;GOOG;45483;22-10-2025;0.004735
14542;02079K10;GOOG;45483;23-10-2025;0.004752
14542;02079K10;GOOG;45483;24-10-2025;0.026721
14542;02079K10;GOOG;45483;27-10-2025;0.03616
14542;02079K10;GOOG;45483;28-10-2025;-0.005557
14542;02079K10;GOOG;45483;29-10-2025;0.025109
14542;02079K10;GOOG;45483;30-10-2025;0.024458
14542;02079K10;GOOG;45483;31-10-2025;-0.000284
14542;02079K10;GOOG;45483;3-11-2025;0.008161
14542;02079K10;GOOG;45483;4-11-2025;-0.021329
14542;02079K10;GOOG;45483;5-11-2025;0.02406
14542;02079K10;GOOG;45483;6-11-2025;0.002072
14542;02079K10;GOOG;45483;7-11-2025;-0.019766
14542;02079K10;GOOG;45483;10-11-2025;0.038935
14542;02079K10;GOOG;45483;11-11-2025;0.003957
14542;02079K10;GOOG;45483;12-11-2025;-0.014773
14542;02079K10;GOOG;45483;13-11-2025;-0.028911
14542;02079K10;GOOG;45483;14-11-2025;-0.007667
14542;02079K10;GOOG;45483;17-11-2025;0.031121
14542;02079K10;GOOG;45483;18-11-2025;-0.002241
14542;02079K10;GOOG;45483;19-11-2025;0.028179
14542;02079K10;GOOG;45483;20-11-2025;-0.010273
14542;02079K10;GOOG;45483;21-11-2025;0.033347
14542;02079K10;GOOG;45483;24-11-2025;0.062807
14542;02079K10;GOOG;45483;25-11-2025;0.016234
14542;02079K10;GOOG;45483;26-11-2025;-0.010382
14542;02079K10;GOOG;45483;28-11-2025;-0.0005
14542;02079K10;GOOG;45483;1-12-2025;-0.015619
14542;02079K10;GOOG;45483;2-12-2025;0.002856
14542;02079K10;GOOG;45483;3-12-2025;0.014556
14542;02079K10;GOOG;45483;4-12-2025;-0.006955
14542;02079K10;GOOG;45483;5-12-2025;0.011621
14542;02079K10;GOOG;45483;8-12-2025;-0.023068
14542;02079K10;GOOG;45483;9-12-2025;0.010495
14542;02079K10;GOOG;45483;10-12-2025;0.010228
14542;02079K10;GOOG;45483;11-12-2025;-0.022741
14542;02079K10;GOOG;45483;12-12-2025;-0.010137
14542;02079K10;GOOG;45483;15-12-2025;-0.003864
14542;02079K10;GOOG;45483;16-12-2025;-0.00514
14542;02079K10;GOOG;45483;17-12-2025;-0.031424
14542;02079K10;GOOG;45483;18-12-2025;0.01909
14542;02079K10;GOOG;45483;19-12-2025;0.016
14542;02079K10;GOOG;45483;22-12-2025;0.008814
14542;02079K10;GOOG;45483;23-12-2025;0.013972
14542;02079K10;GOOG;45483;24-12-2025;-0.000032
14542;02079K10;GOOG;45483;26-12-2025;-0.002249
14542;02079K10;GOOG;45483;29-12-2025;-0.00181
14542;02079K10;GOOG;45483;30-12-2025;0.000509
14542;02079K10;GOOG;45483;31-12-2025;-0.002384
